first_name,second_name,goals_scored,assists,total_points,minutes,goals_conceded,creativity,influence,threat,bonus,bps,ict_index,clean_sheets,red_cards,yellow_cards,selected_by_percent,now_cost,element_type,starts,team_id,team_name,squad_strength,status,Season
Granit,Xhaka,7,8,153,2992,35,673.3,647,498,15,634,182,13,0,4,2.7,48,MID,36,1,Arsenal,4,a,2022
Mohamed,Elneny,0,0,6,111,2,5.4,4.6,0,0,27,1.1,0,0,0,0.6,41,MID,1,1,Arsenal,4,i,2022
Rob,Holding,1,0,21,562,13,10.3,152,54,0,120,21.6,0,0,0,0.2,42,DEF,6,1,Arsenal,4,a,2022
Thomas,Partey,3,0,86,2480,28,439.6,513.2,240,6,468,119.5,11,0,5,0.4,47,MID,28,1,Arsenal,4,a,2022
Martin,Ødegaard,15,8,212,3132,38,1100.4,960,920,30,813,298.3,13,0,4,33.3,69,MID,37,1,Arsenal,4,a,2022
Kieran,Tierney,0,1,37,774,10,85.5,144,67,0,164,29.9,1,0,0,0.8,46,DEF,6,1,Arsenal,4,a,2022
Nicolas,Pépé,0,0,0,0,0,0,0,0,0,0,0,0,0,0,0.1,53,MID,0,1,Arsenal,4,u,2022
Benjamin,White,2,5,156,3054,35,491.2,649,159,12,734,130,15,0,5,16.1,50,DEF,36,1,Arsenal,4,a,2022
Eddie,Nketiah,4,2,63,1071,16,128.2,213.4,598,5,161,93.1,2,0,3,1.8,63,FWD,9,1,Arsenal,4,a,2022
Emile,Smith Rowe,0,2,18,161,5,64.3,36.6,39,0,60,13.8,0,0,0,0.4,56,MID,0,1,Arsenal,4,a,2022
Bukayo,Saka,14,12,202,3183,42,1091.8,972.2,1164,19,678,322.8,12,0,6,25.6,80,MID,37,1,Arsenal,4,d,2022
Takehiro,Tomiyasu,0,1,32,651,11,86.6,137,55,0,173,27.7,2,0,2,0.5,42,DEF,6,1,Arsenal,4,i,2022
Aaron,Ramsdale,0,0,143,3420,43,0,761.4,0,9,664,76.2,14,0,1,11.4,48,GK,38,1,Arsenal,4,a,2022
Gabriel,dos Santos Magalhães,3,0,146,3409,43,129.7,733.8,401,15,723,126.5,14,0,5,13.4,52,DEF,38,1,Arsenal,4,a,2022
Nuno,Varela Tavares,0,0,0,0,0,0,0,0,0,0,0,0,0,0,0,45,DEF,0,1,Arsenal,4,u,2022
Gabriel,Martinelli Silva,15,9,198,2789,33,838.1,844.2,1300,18,648,298.1,14,0,3,26.3,65,MID,34,1,Arsenal,4,i,2022
Pablo,Marí Villar,0,0,0,0,0,0,0,0,0,0,0,0,0,0,0,45,DEF,0,1,Arsenal,4,u,2022
Lucas,Torreira di Pascua,0,0,0,0,0,0,0,0,0,0,0,0,0,0,0.1,45,MID,0,1,Arsenal,4,u,2022
Reiss,Nelson,3,3,42,202,3,99.2,169.8,155,5,127,42.4,1,0,0,0,47,MID,0,1,Arsenal,4,d,2022
Matt,Turner,0,0,0,0,0,0,0,0,0,0,0,0,0,0,1.4,38,GK,0,1,Arsenal,4,a,2022
Fábio,Ferreira Vieira,1,2,40,500,5,180.1,115.2,123,2,134,41.4,2,0,0,0.1,56,MID,3,1,Arsenal,4,a,2022
William,Saliba,2,1,117,2415,25,100.8,529,114,14,571,74.5,12,0,4,15.6,49,DEF,27,1,Arsenal,4,i,2022
Marcus,Oliveira Alencar,0,0,1,1,0,0.2,0,0,0,3,0,0,0,0,0.1,46,MID,0,1,Arsenal,4,u,2022
Gabriel,Fernando de Jesus,11,7,125,2064,23,407.3,594.2,1282,17,401,228.3,9,0,6,28.3,81,FWD,24,1,Arsenal,4,a,2022
Leandro,Trossard,8,13,154,2237,38,687.1,620,859,8,494,216.6,8,0,1,7.2,66,MID,26,1,Arsenal,4,d,2022
Jorge Luiz,Frello Filho,2,2,79,2127,23,254.1,386.4,97,5,379,73.9,9,0,4,1.9,57,MID,24,1,Arsenal,4,a,2022
Oleksandr,Zinchenko,1,2,99,2122,28,387.7,405,190,8,500,98.3,10,0,3,9,50,DEF,26,1,Arsenal,4,i,2022
Matthew,Smith,0,0,0,0,0,0,0,0,0,0,0,0,0,0,0.1,44,MID,0,1,Arsenal,4,a,2022
Ethan,Nwaneri,0,0,1,1,0,0,0,0,0,3,0,0,0,0,0,45,MID,0,1,Arsenal,4,i,2022
Lino,Sousa,0,0,0,0,0,0,0,0,0,0,0,0,0,0,0.1,40,DEF,0,1,Arsenal,4,a,2022
Karl,Hein,0,0,0,0,0,0,0,0,0,0,0,0,0,0,0,39,GK,0,1,Arsenal,4,a,2022
Amario,Cozier-Duberry,0,0,0,0,0,0,0,0,0,0,0,0,0,0,0,45,MID,0,1,Arsenal,4,a,2022
Nathan,Butler-Oyedeji,0,0,0,0,0,0,0,0,0,0,0,0,0,0,0,45,FWD,0,1,Arsenal,4,u,2022
Jakub,Kiwior,1,0,26,425,6,4.1,53.6,4,1,111,6.3,2,0,0,0.3,40,DEF,5,1,Arsenal,4,a,2022
Reuell,Walters,0,0,0,0,0,0,0,0,0,0,0,0,0,0,0,40,DEF,0,1,Arsenal,4,a,2022
Mauro,Bandeira,0,0,0,0,0,0,0,0,0,0,0,0,0,0,0,45,MID,0,1,Arsenal,4,a,2022
Philippe,Coutinho Correia,1,0,32,777,9,152.5,119.2,218,1,98,48.8,3,0,3,2.9,66,MID,7,2,Aston Villa,3,i,2022
Emiliano,Martínez Romero,0,0,135,3139,38,23,813,0,15,678,83.5,11,0,7,6.6,50,GK,36,2,Aston Villa,3,a,2022
Calum,Chambers,0,0,13,345,4,29.8,74.4,8,0,67,11.1,0,0,2,0.2,42,DEF,2,2,Aston Villa,3,a,2022
Lucas,Digne,1,0,50,1492,25,293.3,271.4,92,4,234,65.8,3,0,5,1.2,45,DEF,18,2,Aston Villa,3,a,2022
Bertrand,Traoré,2,0,20,226,1,30.7,82,79,1,57,19,1,0,1,0.1,49,MID,1,2,Aston Villa,3,a,2022
Robin,Olsen,0,0,10,280,8,0,83.2,0,1,62,8.2,1,0,0,1.4,39,GK,2,2,Aston Villa,3,a,2022
Morgan,Sanson,0,0,2,10,1,0.5,4.2,0,0,6,0.4,0,0,0,0.2,43,MID,0,2,Aston Villa,3,u,2022
John,McGinn,1,5,90,2692,31,349.2,375,326,3,354,105.1,10,0,7,0.6,51,MID,30,2,Aston Villa,3,a,2022
Kortney,Hause,0,0,0,0,0,0,0,0,0,0,0,0,0,0,0,44,DEF,0,2,Aston Villa,3,u,2022
Tyrone,Mings,1,3,130,3150,40,87.7,657.2,121,17,617,87,12,0,7,12.5,47,DEF,35,2,Aston Villa,3,a,2022
Ollie,Watkins,15,8,175,3129,40,408.5,792,1268,25,550,247,13,0,4,12.8,73,FWD,36,2,Aston Villa,3,a,2022
Marvelous,Nakamba,0,0,0,0,0,0,0,0,0,0,0,0,0,0,0.1,43,MID,0,2,Aston Villa,3,u,2022
Emiliano,Buendía Stati,5,3,117,2404,34,546.3,438.2,580,8,370,156.6,11,0,0,0.7,57,MID,27,2,Aston Villa,3,a,2022
Matty,Cash,0,2,57,1817,29,178,298.4,67,3,311,54.4,4,0,4,3.1,46,DEF,20,2,Aston Villa,3,a,2022
Ezri,Konsa Ngoyo,0,0,110,3322,45,116.1,560.4,72,6,633,74.9,12,0,6,1,44,DEF,37,2,Aston Villa,3,a,2022
Leon,Bailey,4,5,100,1964,32,439.1,334.2,532,6,242,130.1,8,0,4,2.7,43,MID,26,2,Aston Villa,3,a,2022
Douglas Luiz,Soares de Paulo,6,7,142,2922,35,655.4,661.6,242,17,594,155.8,13,1,6,1,48,MID,33,2,Aston Villa,3,a,2022
Jacob,Ramsey,6,8,135,2634,33,496.7,607.2,424,13,470,152.8,11,0,5,1.5,51,MID,31,2,Aston Villa,3,a,2022
Tim,Iroegbunam,0,0,0,0,0,0,0,0,0,0,0,0,0,0,0,45,MID,0,2,Aston Villa,3,u,2022
Diego Carlos,Santos Silva,0,0,4,205,3,13.2,24.8,32,0,20,7,0,0,0,0.2,47,DEF,2,2,Aston Villa,3,a,2022
Anwar,El Ghazi,0,0,0,0,0,0,0,0,0,0,0,0,0,0,0,48,MID,0,2,Aston Villa,3,u,2022
Keinan,Davis,0,0,0,0,0,0,0,0,0,0,0,0,0,0,0,54,FWD,0,2,Aston Villa,3,u,2022
Boubacar,Kamara,0,1,44,1773,30,123.4,275.8,39,0,235,43.9,3,0,4,0.1,48,MID,21,2,Aston Villa,3,a,2022
Cameron,Archer,0,0,6,43,1,2.4,1.8,6,0,13,0.9,0,0,0,1.7,42,FWD,0,2,Aston Villa,3,u,2022
Jaden,Philogene-Bidace,0,0,0,0,0,0,0,0,0,0,0,0,0,0,0,45,MID,0,2,Aston Villa,3,u,2022
Frédéric,Guilbert,0,0,0,0,0,0,0,0,0,0,0,0,0,0,0.6,39,DEF,0,2,Aston Villa,3,u,2022
Leander,Dendoncker,0,0,37,897,14,96.1,143.4,64,0,163,30.6,4,0,0,0.1,47,MID,9,2,Aston Villa,3,a,2022
Ludwig,Augustinsson,0,0,2,76,0,1.9,5.6,35,0,5,4.2,0,0,1,0,43,DEF,1,2,Aston Villa,3,u,2022
Kaine,Kesler Hayden,0,0,0,0,0,0,0,0,0,0,0,0,0,0,0,40,DEF,0,2,Aston Villa,3,u,2022
Ashley,Young,1,0,87,2031,28,223.4,380.2,81,8,388,68.7,9,0,7,0.8,43,DEF,23,2,Aston Villa,3,a,2022
Lamare,Bogarde,0,0,0,0,0,0,0,0,0,0,0,0,0,0,0,40,DEF,0,2,Aston Villa,3,u,2022
Filip,Marschall,0,0,0,0,0,0,0,0,0,0,0,0,0,0,0,40,GK,0,2,Aston Villa,3,u,2022
Kadan,Young,0,0,0,0,0,0,0,0,0,0,0,0,0,0,0,45,MID,0,2,Aston Villa,3,i,2022
Alexandre,Moreno Lopera,0,3,72,1325,10,321.1,254.4,151,5,278,72.3,7,0,3,2.1,45,DEF,14,2,Aston Villa,3,i,2022
Viljami,Sinisalo,0,0,0,0,0,0,0,0,0,0,0,0,0,0,0,40,GK,0,2,Aston Villa,3,a,2022
Jhon,Durán,0,0,11,126,4,13.4,12.8,51,0,15,7.4,0,0,1,0,55,FWD,0,2,Aston Villa,3,a,2022
Sil,Swinkels,0,0,0,0,0,0,0,0,0,0,0,0,0,0,0,40,DEF,0,2,Aston Villa,3,a,2022
Oliwier,Zych,0,0,0,0,0,0,0,0,0,0,0,0,0,0,0,40,GK,0,2,Aston Villa,3,a,2022
James,Wright,0,0,0,0,0,0,0,0,0,0,0,0,0,0,0,40,GK,0,2,Aston Villa,3,a,2022
Sebastian,Revan,0,0,0,0,0,0,0,0,0,0,0,0,0,0,0,40,DEF,0,2,Aston Villa,3,a,2022
Travis,Patterson,0,0,0,0,0,0,0,0,0,0,0,0,0,0,0,45,MID,0,2,Aston Villa,3,a,2022
Tommi,O'Reilly,0,0,0,0,0,0,0,0,0,0,0,0,0,0,0,45,MID,0,2,Aston Villa,3,a,2022
Adam,Smith,0,1,74,2940,58,261.6,406.2,88,5,400,75.7,7,0,11,0.2,43,DEF,34,3,Bournemouth,2,a,2022
Junior,Stanislas,0,0,4,58,1,22.9,10,7,0,13,3.9,0,0,0,0,48,MID,0,3,Bournemouth,2,i,2022
Ryan,Fredericks,0,0,12,527,11,26.7,66,12,0,63,10.6,0,0,1,0,44,DEF,5,3,Bournemouth,2,i,2022
David,Brooks,0,0,5,170,4,16.4,13.6,31,0,7,6,0,0,1,0,53,MID,2,3,Bournemouth,2,a,2022
Jamal,Lowe,0,0,2,11,0,0.3,0.2,0,0,6,0.1,0,0,0,0,52,MID,0,3,Bournemouth,2,u,2022
Kieffer,Moore,4,0,57,1269,34,89.6,216.2,272,3,161,57.3,3,0,1,0.7,49,FWD,12,3,Bournemouth,2,a,2022
Emiliano,Marcondes,0,0,1,8,1,0,1.2,0,0,3,0.1,0,0,0,0,47,MID,0,3,Bournemouth,2,u,2022
Jefferson,Lerma Solís,5,0,101,3252,67,293.6,616.6,311,5,500,122.1,7,0,7,0.5,47,MID,37,3,Bournemouth,2,a,2022
Jack,Stacey,0,0,6,293,10,8.6,44.2,8,0,36,6,0,0,2,0,42,DEF,3,3,Bournemouth,2,a,2022
Dominic,Solanke,6,10,130,2865,52,279.9,524.8,1046,14,339,184.4,8,0,2,3.6,56,FWD,32,3,Bournemouth,2,a,2022
Lewis,Cook,0,2,51,1712,39,352.5,313,45,1,280,71.2,3,0,4,0.1,49,MID,18,3,Bournemouth,2,a,2022
Ben,Pearson,0,0,9,282,10,6.4,21,9,0,32,3.7,1,0,1,0.1,44,MID,3,3,Bournemouth,2,u,2022
Ryan,Christie,1,2,64,1825,35,421.7,282,400,2,225,110.5,3,0,2,0.1,53,MID,22,3,Bournemouth,2,a,2022
Philip,Billing,7,2,126,2766,54,388.8,622,441,14,475,145.2,9,0,5,0.9,50,MID,34,3,Bournemouth,2,d,2022
Chris,Mepham,0,0,43,2197,52,54.4,556.4,134,6,369,74.4,5,0,7,0.1,43,DEF,24,3,Bournemouth,2,a,2022
Mark,Travers,0,0,28,1035,32,0,253,0,1,193,25.4,2,0,0,0.4,41,GK,11,3,Bournemouth,2,a,2022
Lloyd,Kelly,0,2,60,2040,38,97.7,394,26,5,372,52.1,5,0,3,0.5,43,DEF,23,3,Bournemouth,2,a,2022
Siriki,Dembélé,0,0,6,104,2,52.3,31.8,28,0,20,11.3,0,0,0,0.1,47,MID,0,3,Bournemouth,2,u,2022
Jaidon,Anthony,3,1,61,1241,29,209.1,299.4,263,4,193,77.2,2,0,2,0.1,52,MID,11,3,Bournemouth,2,a,2022
Jordan,Zemura,0,1,47,1452,31,232.8,269.4,71,1,235,57.1,5,0,1,0.1,42,DEF,17,3,Bournemouth,2,a,2022
Will,Dennis,0,0,0,0,0,0,0,0,0,0,0,0,0,0,0.4,39,GK,0,3,Bournemouth,2,u,2022
Jack,Stephens,0,0,35,1218,24,57.3,270,51,1,233,38,4,0,3,0,43,DEF,13,3,Bournemouth,2,a,2022
Joe,Rothwell,0,1,33,1010,15,153.3,127.4,27,0,167,30.6,3,0,1,0,49,MID,12,3,Bournemouth,2,d,2022
Marcus,Tavernier,5,4,94,1740,37,348.4,459.8,436,12,315,124.2,5,0,1,0.2,47,MID,19,3,Bournemouth,2,i,2022
James,Hill,0,0,0,0,0,0,0,0,0,0,0,0,0,0,0,44,DEF,0,3,Bournemouth,2,u,2022
Darren,Randolph,0,0,0,0,0,0,0,0,0,0,0,0,0,0,0.1,40,GK,0,3,Bournemouth,2,a,2022
Norberto,Murara Neto,0,0,93,2385,39,0,727.6,0,9,510,72.8,6,0,4,0.6,45,GK,27,3,Bournemouth,2,a,2022
Marcos,Senesi,2,0,69,2489,55,78.7,586,109,5,462,77.5,5,0,7,0.2,44,DEF,29,3,Bournemouth,2,a,2022
Christian,Saydee,0,0,0,0,0,0,0,0,0,0,0,0,0,0,0,45,FWD,0,3,Bournemouth,2,u,2022
Owen,Bevan,0,0,1,8,1,0,0.2,0,0,3,0,0,0,0,0,40,DEF,0,3,Bournemouth,2,u,2022
Cameron,Plain,0,0,0,0,0,0,0,0,0,0,0,0,0,0,0,40,GK,0,3,Bournemouth,2,a,2022
Daniel,Adu-Adjei,0,0,0,0,0,0,0,0,0,0,0,0,0,0,0,45,FWD,0,3,Bournemouth,2,a,2022
Michael,Dacosta Gonzalez,0,0,0,0,0,0,0,0,0,0,0,0,0,0,0,44,MID,0,3,Bournemouth,2,a,2022
Dominic,Sadi,0,0,0,0,0,0,0,0,0,0,0,0,0,0,0,45,FWD,0,3,Bournemouth,2,a,2022
Dango,Ouattara,1,3,49,1239,23,261,276.8,274,4,163,81,1,0,1,0,50,MID,15,3,Bournemouth,2,a,2022
Euan,Pollock,0,0,0,0,0,0,0,0,0,0,0,0,0,0,0,45,FWD,0,3,Bournemouth,2,a,2022
Antoine,Semenyo,1,0,18,250,6,26.5,50,32,1,56,10.7,0,0,0,0,50,FWD,2,3,Bournemouth,2,i,2022
Matías,Viña,2,0,28,452,10,28.1,156.4,92,0,93,27.7,1,0,1,0.1,45,DEF,5,3,Bournemouth,2,a,2022
Illia,Zabarnyi,0,0,7,297,5,0.9,41.2,0,0,54,4.1,0,0,0,0,45,DEF,3,3,Bournemouth,2,a,2022
Hamed,Traorè,0,0,14,425,8,218.5,84,36,0,60,33.8,2,0,0,0,45,MID,5,3,Bournemouth,2,d,2022
Ben,Greenwood,0,0,0,0,0,0,0,0,0,0,0,0,0,0,0,40,DEF,0,3,Bournemouth,2,a,2022
Max,Kinsey-Wellings,0,0,0,0,0,0,0,0,0,0,0,0,0,0,0,40,DEF,0,3,Bournemouth,2,a,2022
Pontus,Jansson,1,0,29,722,14,2.5,176.2,53,0,147,23.4,2,0,0,0.3,42,DEF,9,4,Brentford,3,i,2022
Christian,Nørgaard,1,6,71,1763,23,173.7,379.2,269,6,309,82.3,6,0,6,0.2,53,MID,21,4,Brentford,3,i,2022
Ivan,Toney,20,4,182,2953,42,424.3,926.8,1240,35,607,258.7,10,0,9,18.2,71,FWD,33,4,Brentford,3,s,2022
David,Raya Martin,0,0,166,3420,46,20.1,1125.4,4,20,822,115.2,12,0,1,14.4,48,GK,38,4,Brentford,3,a,2022
Sergi,Canós Tenés,0,0,5,73,2,13.5,7,6,0,14,2.8,0,0,0,0.1,50,DEF,0,4,Brentford,3,u,2022
Josh,Dasilva,4,2,81,1371,17,206.1,304.2,182,3,274,69.2,5,0,1,3.8,41,MID,14,4,Brentford,3,a,2022
Kristoffer,Ajer,0,0,29,763,14,24.7,96.8,27,0,129,15.1,4,0,0,0.1,45,DEF,9,4,Brentford,3,a,2022
Rico,Henry,0,3,112,3240,46,401.9,444.4,197,4,505,104.5,11,0,4,2.6,44,DEF,37,4,Brentford,3,a,2022
Vitaly,Janelt,3,1,85,2201,28,246.1,411.2,223,5,357,88.1,8,0,3,0.1,55,MID,24,4,Brentford,3,a,2022
Saman,Ghoddos,0,0,15,124,5,62.8,27.2,21,0,53,11.1,0,0,0,0,48,MID,0,4,Brentford,3,a,2022
Mathias,Jensen,5,7,132,2805,40,787.9,644,208,11,498,164.1,10,0,5,1.8,48,MID,37,4,Brentford,3,a,2022
Yoane,Wissa,7,4,111,1587,17,184.5,363.8,414,6,292,95.5,7,0,3,0.3,53,MID,16,4,Brentford,3,a,2022
Mads,Roerslev Rasmussen,0,0,48,1101,12,120.6,167.6,46,0,201,33.4,5,0,0,0.1,43,DEF,12,4,Brentford,3,a,2022
Mads,Bech Sørensen,0,0,4,18,0,0.2,2.6,0,0,12,0.2,0,0,0,0,45,DEF,0,4,Brentford,3,u,2022
Ethan,Pinnock,3,0,112,2700,34,104.9,751.6,279,6,575,113.8,10,0,0,0.9,44,DEF,30,4,Brentford,3,a,2022
Frank,Onyeka,0,3,38,837,11,89.9,125.8,106,0,111,32.3,3,0,0,0,48,MID,8,4,Brentford,3,a,2022
Shandon,Baptiste,0,2,29,600,6,144.5,107.8,54,0,123,30.7,1,1,1,0.2,45,MID,4,4,Brentford,3,a,2022
Bryan,Mbeumo,9,9,150,2905,39,766.3,662.4,866,19,556,229.3,10,0,5,4,57,FWD,36,4,Brentford,3,a,2022
Charlie,Goode,0,0,0,0,0,0,0,0,0,0,0,0,0,0,0.4,39,DEF,0,4,Brentford,3,u,2022
Marcus,Forss,0,0,0,0,0,0,0,0,0,0,0,0,0,0,0,45,FWD,0,4,Brentford,3,u,2022
Dominic,Thompson,0,0,0,0,0,0,0,0,0,0,0,0,0,0,0,40,DEF,0,4,Brentford,3,u,2022
Mads,Bidstrup,0,0,0,0,0,0,0,0,0,0,0,0,0,0,0,45,MID,0,4,Brentford,3,u,2022
Ellery,Balcombe,0,0,0,0,0,0,0,0,0,0,0,0,0,0,0,40,GK,0,4,Brentford,3,u,2022
Aaron,Hickey,0,3,63,1918,30,119.8,223.6,98,2,310,44.2,5,0,7,0.3,49,DEF,23,4,Brentford,3,a,2022
Keane,Lewis-Potter,0,1,14,313,4,64,42,114,0,37,21.9,0,0,0,0,52,MID,3,4,Brentford,3,i,2022
Thomas,Strakosha,0,0,0,0,0,0,0,0,0,0,0,0,0,0,0.1,43,GK,0,4,Brentford,3,a,2022
Ben,Mee,3,2,143,3269,40,92,761.4,307,11,643,116.3,12,0,2,14.4,48,DEF,37,4,Brentford,3,a,2022
Fin,Stevens,0,0,0,0,0,0,0,0,0,0,0,0,0,0,0.1,40,DEF,0,4,Brentford,3,u,2022
Halil,Dervişoğlu,0,1,4,6,0,0,0,10,0,11,1,0,0,0,0.5,45,FWD,0,4,Brentford,3,u,2022
Mikkel,Damsgaard,0,0,33,970,14,161,137.4,146,0,131,44.5,3,0,4,0.1,50,MID,9,4,Brentford,3,a,2022
Mathias,Jorgensen,0,1,45,1097,15,18.2,189.8,45,4,191,25.6,4,0,2,0.9,39,DEF,11,4,Brentford,3,a,2022
Ryan,Trevitt,0,0,0,0,0,0,0,0,0,0,0,0,0,0,0,44,MID,0,4,Brentford,3,a,2022
Matthew,Cox,0,0,0,0,0,0,0,0,0,0,0,0,0,0,0,39,GK,0,4,Brentford,3,i,2022
Tristan,Crama,0,0,0,0,0,0,0,0,0,0,0,0,0,0,0,40,DEF,0,4,Brentford,3,a,2022
Yegor,Yarmolyuk,0,0,0,0,0,0,0,0,0,0,0,0,0,0,0,45,MID,0,4,Brentford,3,a,2022
Kevin,Schade,0,1,29,723,7,110.4,72.2,205,0,76,38.7,3,0,2,0,49,MID,7,4,Brentford,3,a,2022
Michael,Olakigbe,0,0,0,0,0,0,0,0,0,0,0,0,0,0,0,45,MID,0,4,Brentford,3,a,2022
Adam,Lallana,2,1,47,717,10,186.7,144.2,152,4,146,48.5,5,0,0,0.1,48,MID,12,5,Brighton,3,i,2022
Jason,Steele,0,1,65,1350,23,13,347.6,0,8,332,36.1,6,0,1,6,40,GK,15,5,Brighton,3,a,2022
Danny,Welbeck,6,5,91,1844,28,390.6,378.2,782,5,296,155.4,6,0,0,2.1,65,FWD,21,5,Brighton,3,a,2022
Pascal,Groß,9,8,159,3240,51,1215.4,888.4,578,14,748,268.6,11,0,7,11,54,MID,37,5,Brighton,3,a,2022
Lewis,Dunk,1,1,112,3240,50,163.6,661.4,198,7,648,102.4,12,0,4,8.2,48,DEF,36,5,Brighton,3,a,2022
Solly,March,6,10,147,2719,40,965.8,791.8,955,16,559,271.4,10,0,2,4.4,52,MID,31,5,Brighton,3,d,2022
Adam,Webster,0,0,75,1983,27,104,354,126,3,405,58.4,9,0,2,0.5,45,DEF,23,5,Brighton,3,a,2022
Joël,Veltman,1,1,95,2183,29,200.8,406.2,162,6,447,77.2,10,0,6,2.4,46,DEF,25,5,Brighton,3,a,2022
Robert,Sánchez,0,0,82,2070,30,0.1,439,0,10,380,43.9,6,0,2,7.6,44,GK,23,5,Brighton,3,a,2022
Tariq,Lamptey,0,0,23,439,7,87.2,70.6,48,0,91,20.6,1,0,1,0.9,42,DEF,3,5,Brighton,3,i,2022
Steven,Alzate,0,0,0,0,0,0,0,0,0,0,0,0,0,0,0.1,44,MID,0,5,Brighton,3,u,2022
Alexis,Mac Allister,10,2,140,2882,45,729.6,741,706,18,567,217.8,10,0,8,14.7,56,MID,31,5,Brighton,3,a,2022
Jakub,Moder,0,0,0,0,0,0,0,0,0,0,0,0,0,0,0,44,MID,0,5,Brighton,3,i,2022
Enock,Mwepu,0,1,11,209,4,39,48.8,34,0,29,12.2,0,0,0,0,53,MID,2,5,Brighton,3,u,2022
Jeremy,Sarmiento Morante,0,2,16,168,2,38.2,46.6,50,0,40,12.9,1,0,1,0,45,MID,1,5,Brighton,3,i,2022
Moisés,Caicedo Corozo,1,1,79,3138,47,668.6,582.2,210,0,503,146.3,10,0,10,0.4,50,MID,34,5,Brighton,3,a,2022
Taylor,Richards,0,0,0,0,0,0,0,0,0,0,0,0,0,0,0,45,MID,0,5,Brighton,3,u,2022
Haydon,Roberts,0,0,0,0,0,0,0,0,0,0,0,0,0,0,0,40,DEF,0,5,Brighton,3,u,2022
Deniz,Undav,5,2,52,614,9,105.7,157.6,333,4,173,59.5,2,0,2,0.8,50,FWD,6,5,Brighton,3,a,2022
Kaoru,Mitoma,7,9,138,2311,35,567.6,566.8,857,11,457,198.9,8,0,0,27.3,57,MID,24,5,Brighton,3,a,2022
Julio,Enciso,4,3,57,794,12,161,255.8,370,7,189,78.5,4,0,1,2.4,46,FWD,7,5,Brighton,3,a,2022
Kacper,Kozłowski,0,0,0,0,0,0,0,0,0,0,0,0,0,0,0,45,MID,0,5,Brighton,3,u,2022
Billy,Gilmour,0,1,21,502,8,56.5,67.6,33,0,105,15.8,2,0,1,0.4,42,MID,7,5,Brighton,3,a,2022
Kjell,Scherpen,0,0,0,0,0,0,0,0,0,0,0,0,0,0,0,40,GK,0,5,Brighton,3,u,2022
Matt,Clarke,0,0,0,0,0,0,0,0,0,0,0,0,0,0,0.1,40,DEF,0,5,Brighton,3,u,2022
Jan Paul,van Hecke,0,0,6,291,7,5.5,62.8,10,0,54,7.9,0,0,2,0.3,40,DEF,3,5,Brighton,3,a,2022
Levi,Colwill,0,2,46,1218,21,100.7,222,50,6,249,37.4,3,0,1,0.2,44,DEF,13,5,Brighton,3,a,2022
Pervis,Estupiñán,1,7,128,2674,43,752.9,570.2,295,15,593,161.3,10,0,4,20.5,50,DEF,31,5,Brighton,3,a,2022
Evan,Ferguson,6,2,65,942,12,129.1,284.2,350,8,213,76.5,6,0,1,1.7,46,FWD,10,5,Brighton,3,a,2022
Ed,Turns,0,0,0,0,0,0,0,0,0,0,0,0,0,0,0,40,DEF,0,5,Brighton,3,u,2022
Andrew,Moran,0,0,1,11,1,0,0,0,0,3,0,0,0,0,0,45,MID,0,5,Brighton,3,a,2022
James,Furlong,0,0,0,0,0,0,0,0,0,0,0,0,0,0,0,40,DEF,0,5,Brighton,3,u,2022
Jack,Hinshelwood,0,0,1,1,0,0,0,0,0,3,0,0,0,0,0,45,MID,0,5,Brighton,3,a,2022
Facundo,Buonanotte,1,1,26,558,12,96.1,87.8,102,2,72,27.8,1,0,2,0.1,45,MID,6,5,Brighton,3,a,2022
Yasin,Ayari,0,0,3,65,2,25.3,5.4,3,0,14,3.3,0,0,0,0,45,MID,1,5,Brighton,3,a,2022
Odeluga,Offiah,0,0,1,23,3,1.5,6.2,0,0,10,0.8,0,0,0,0,40,DEF,0,5,Brighton,3,a,2022
Tom,McGill,0,0,0,0,0,0,0,0,0,0,0,0,0,0,0,40,GK,0,5,Brighton,3,a,2022
Cameron,Peupion,0,0,1,5,2,0.3,0,5,0,3,0.5,0,0,0,0,45,MID,0,5,Brighton,3,a,2022
Imari,Samuels,0,0,0,0,0,0,0,0,0,0,0,0,0,0,0,40,DEF,0,5,Brighton,3,i,2022
Carney,Chukwuemeka,0,0,18,342,7,69.7,57.6,72,0,71,19.9,1,0,0,0.3,42,MID,2,6,Chelsea,3,a,2022
Marc,Cucurella Saseta,0,2,65,1669,20,232.5,354.4,72,1,363,65.9,6,0,4,5,49,DEF,21,6,Chelsea,3,d,2022
César,Azpilicueta,0,0,45,1521,21,206.7,259.2,93,4,242,55.8,3,0,3,1.2,47,DEF,16,6,Chelsea,3,a,2022
Thiago,Emiliano da Silva,0,2,80,2351,32,86.1,657.2,137,8,524,88,6,0,2,5.7,54,DEF,26,6,Chelsea,3,a,2022
Marcos,Alonso,0,0,0,0,0,0,0,0,0,0,0,0,0,0,0.7,53,DEF,0,6,Chelsea,3,u,2022
Ross,Barkley,0,0,0,0,0,0,0,0,0,0,0,0,0,0,0,49,MID,0,6,Chelsea,3,u,2022
Mateo,Kovacic,1,2,53,1699,25,363.8,294.2,114,2,289,77.5,4,0,8,0.3,49,MID,17,6,Chelsea,3,d,2022
Kepa,Arrizabalaga,0,0,118,2565,33,0.1,706.2,0,15,575,70.6,9,0,1,6.4,45,GK,29,6,Chelsea,3,a,2022
N'Golo,Kanté,0,1,18,517,7,186.9,107,58,1,120,35.2,2,0,1,1.1,48,MID,6,6,Chelsea,3,d,2022
Hakim,Ziyech,0,3,33,649,7,230.9,155.4,113,0,129,49,2,0,1,0.4,55,MID,6,6,Chelsea,3,a,2022
Ruben,Loftus-Cheek,0,1,46,1530,23,234.8,206.6,173,1,228,61.6,5,0,1,0.1,50,MID,19,6,Chelsea,3,a,2022
Timo,Werner,0,0,0,0,0,0,0,0,0,0,0,0,0,0,0.2,79,FWD,0,6,Chelsea,3,u,2022
Robert Kenedy,Nunes do Nascimento,0,0,0,0,0,0,0,0,0,0,0,0,0,0,0.2,39,DEF,0,6,Chelsea,3,u,2022
Ben,Chilwell,2,3,70,1402,19,382.6,283.4,178,4,302,84.2,4,0,3,3.1,56,DEF,15,6,Chelsea,3,d,2022
Christian,Pulisic,1,1,39,805,11,166.7,117.2,210,0,102,49.1,3,0,1,0.4,56,MID,8,6,Chelsea,3,a,2022
Trevoh,Chalobah,0,0,49,1601,24,93.5,283.6,108,1,318,48.7,5,0,4,0.6,44,DEF,18,6,Chelsea,3,a,2022
Mason,Mount,3,4,82,1644,21,463.1,331.4,376,8,277,117.2,8,0,4,3.4,72,MID,20,6,Chelsea,3,d,2022
Malang,Sarr,0,0,0,0,0,0,0,0,0,0,0,0,0,0,0,50,DEF,0,6,Chelsea,3,u,2022
Callum,Hudson-Odoi,0,0,0,0,0,0,0,0,0,0,0,0,0,0,0,53,MID,0,6,Chelsea,3,u,2022
Kai,Havertz,7,1,102,2565,31,513.3,470.2,1012,13,301,199.3,9,0,5,3.2,74,FWD,30,6,Chelsea,3,a,2022
Reece,James,1,2,44,1242,17,358.2,292.2,153,5,286,80.4,2,0,4,10.7,58,DEF,14,6,Chelsea,3,i,2022
Edouard,Mendy,0,0,24,855,14,0,200.4,0,0,132,20.2,1,0,1,5.8,48,GK,9,6,Chelsea,3,a,2022
Conor,Gallagher,3,1,66,1608,23,343.5,379.8,321,7,279,104.3,4,1,9,0.7,56,MID,18,6,Chelsea,3,a,2022
Armando,Broja,1,1,21,285,5,18.2,64.6,113,0,56,19.7,1,0,0,0.3,52,FWD,2,6,Chelsea,3,i,2022
Ethan,Ampadu,0,0,0,0,0,0,0,0,0,0,0,0,0,0,0,44,DEF,0,6,Chelsea,3,u,2022
Wesley,Fofana,1,0,37,1362,24,59,289.2,86,4,244,43.8,2,0,4,1,43,DEF,14,6,Chelsea,3,a,2022
Raheem,Sterling,6,4,101,1886,27,479.8,388.2,603,9,274,146.8,5,0,4,3.4,97,MID,23,6,Chelsea,3,d,2022
Kalidou,Koulibaly,2,1,74,1798,22,104.1,497.4,141,8,408,74.5,6,1,5,5.4,55,DEF,20,6,Chelsea,3,a,2022
Harvey,Vale,0,0,0,0,0,0,0,0,0,0,0,0,0,0,0,45,MID,0,6,Chelsea,3,u,2022
Denis,Zakaria,0,0,13,409,5,22.6,44.6,24,0,47,9.2,2,0,0,0,49,MID,5,6,Chelsea,3,a,2022
Pierre-Emerick,Aubameyang,1,0,25,546,8,59.4,55,177,3,61,28.5,1,0,1,0.7,84,FWD,5,6,Chelsea,3,a,2022
Marcus,Bettinelli,0,0,0,0,0,0,0,0,0,0,0,0,0,0,0,40,GK,0,6,Chelsea,3,d,2022
Omari,Hutchinson,0,0,1,22,0,1.8,1,4,0,2,0.7,0,0,0,0,42,MID,0,6,Chelsea,3,a,2022
Lewis,Hall,0,0,19,653,11,174.3,113.2,119,3,118,40.7,1,0,1,0,43,MID,8,6,Chelsea,3,a,2022
Bashir,Humphreys,0,0,0,0,0,0,0,0,0,0,0,0,0,0,0,45,DEF,0,6,Chelsea,3,u,2022
David Datro,Fofana,0,0,3,68,1,34.6,15.2,30,0,8,8,0,0,0,0.1,50,FWD,1,6,Chelsea,3,a,2022
Benoît,Badiashile,1,0,40,904,9,49.1,219.8,81,2,209,35.1,4,0,2,0.4,50,DEF,10,6,Chelsea,3,d,2022
João,Félix Sequeira,4,0,44,936,16,135.2,203.6,287,7,126,61.9,2,1,1,1.7,71,FWD,11,6,Chelsea,3,a,2022
Mykhailo,Mudryk,0,2,25,650,10,146.4,100.8,140,0,73,38.2,0,0,1,0.8,64,MID,7,6,Chelsea,3,a,2022
Andrey,Nascimento dos Santos,0,0,0,0,0,0,0,0,0,0,0,0,0,0,0,45,MID,0,6,Chelsea,3,u,2022
Noni,Madueke,1,0,26,639,13,131.9,130.8,182,2,105,44.6,0,0,0,0.1,54,MID,7,6,Chelsea,3,a,2022
Enzo,Fernández,0,2,42,1547,25,307.3,298.2,64,1,265,67.1,3,0,3,0.8,50,MID,18,6,Chelsea,3,a,2022
Ethan,Wady,0,0,0,0,0,0,0,0,0,0,0,0,0,0,0,40,GK,0,6,Chelsea,3,a,2022
Alfie,Gilchrist,0,0,0,0,0,0,0,0,0,0,0,0,0,0,0,40,DEF,0,6,Chelsea,3,a,2022
Albert,Sambi Lokonga,0,0,23,728,8,57.2,98.4,20,0,129,17.6,2,0,2,0.2,43,MID,8,7,Crystal Palace,3,a,2022
Vicente,Guaita,0,0,99,2430,34,0,668.4,0,10,484,66.8,6,0,1,1.4,44,GK,27,7,Crystal Palace,3,a,2022
James,Tomkins,1,0,8,335,10,1.1,90,54,1,50,14.6,0,1,1,0.8,39,DEF,3,7,Crystal Palace,3,i,2022
James,McArthur,0,0,4,50,0,1.7,6.8,0,0,13,0.9,0,0,0,0,48,MID,0,7,Crystal Palace,3,a,2022
Christian,Benteke,0,0,0,0,0,0,0,0,0,0,0,0,0,0,0.1,55,FWD,0,7,Crystal Palace,3,u,2022
Joel,Ward,1,0,78,2253,35,164.3,436.2,114,5,403,71.6,8,0,6,0.4,44,DEF,24,7,Crystal Palace,3,a,2022
Nathaniel,Clyne,0,0,44,1638,23,124.9,203.6,8,0,246,33.6,3,0,3,0.1,45,DEF,19,7,Crystal Palace,3,a,2022
Luka,Milivojevic,0,0,23,500,7,43.6,69.2,17,0,80,12.7,2,0,2,0.3,42,MID,5,7,Crystal Palace,3,i,2022
Jordan,Ayew,4,3,104,2708,41,465.5,490.8,429,4,332,138.7,8,0,5,0.4,52,MID,31,7,Crystal Palace,3,a,2022
Wilfried,Zaha,7,2,95,2289,34,384.8,465.4,848,6,216,169.4,5,0,5,6.7,72,MID,27,7,Crystal Palace,3,i,2022
Jeffrey,Schlupp,3,2,89,2528,38,257.6,404.6,314,2,324,97.9,9,0,7,0.1,47,MID,30,7,Crystal Palace,3,i,2022
Will,Hughes,1,1,41,822,11,102.1,153.2,57,3,152,31,1,0,4,0,48,MID,7,7,Crystal Palace,3,a,2022
Jairo,Riedewald,0,0,6,60,0,2.6,9.8,4,0,19,1.5,0,0,0,0,42,MID,0,7,Crystal Palace,3,a,2022
Joachim,Andersen,1,0,80,2782,37,146.3,641.8,273,1,483,106.4,8,0,8,1.6,45,DEF,32,7,Crystal Palace,3,a,2022
Odsonne,Edouard,5,2,82,1788,25,227.7,351.6,544,5,225,111.5,5,0,3,2,50,FWD,20,7,Crystal Palace,3,a,2022
Marc,Guéhi,1,0,95,3330,46,142.7,688.2,205,2,623,103.9,9,0,8,2.5,45,DEF,37,7,Crystal Palace,3,a,2022
Jean-Philippe,Mateta,2,0,41,748,10,67.1,115.8,240,3,96,41,3,0,3,0.3,51,FWD,6,7,Crystal Palace,3,a,2022
Eberechi,Eze,10,5,159,2631,35,800.4,692.8,597,21,580,208.9,9,0,3,12.8,57,MID,30,7,Crystal Palace,3,a,2022
Tyrick,Mitchell,0,2,93,2889,40,234,470.4,135,7,476,84.3,8,1,5,1,44,DEF,34,7,Crystal Palace,3,a,2022
Michael,Olise,2,11,132,2743,38,1014.6,606.6,462,15,517,208.8,8,0,2,1.8,53,MID,31,7,Crystal Palace,3,a,2022
Jesurun,Rak-Sakyi,0,0,0,0,0,0,0,0,0,0,0,0,0,0,0,45,MID,0,7,Crystal Palace,3,u,2022
Malcolm,Ebiowei,0,0,3,31,1,0.9,3.4,4,0,9,0.9,0,0,0,0.2,42,MID,0,7,Crystal Palace,3,u,2022
Nathan,Ferguson,0,0,0,0,0,0,0,0,0,0,0,0,0,0,0.2,39,DEF,0,7,Crystal Palace,3,i,2022
Sam,Johnstone,0,0,36,810,10,0,155,0,5,159,15.6,3,0,1,1.1,44,GK,9,7,Crystal Palace,3,a,2022
Remi,Matthews,0,0,0,0,0,0,0,0,0,0,0,0,0,0,0,40,GK,0,7,Crystal Palace,3,u,2022
Luke,Plange,0,0,0,0,0,0,0,0,0,0,0,0,0,0,0.2,45,FWD,0,7,Crystal Palace,3,u,2022
Cheick,Doucouré,0,3,74,2770,41,345.8,471.4,157,3,411,97.6,7,1,8,0.1,50,MID,34,7,Crystal Palace,3,a,2022
Chris,Richards,0,0,13,443,11,15.3,92.4,26,0,83,13.2,1,0,0,0.1,44,DEF,4,7,Crystal Palace,3,a,2022
Joseph,Whitworth,0,0,3,180,5,0,41.8,0,0,28,4.2,0,0,0,0.1,40,GK,2,7,Crystal Palace,3,a,2022
Kaden,Rodney,0,0,0,0,0,0,0,0,0,0,0,0,0,0,0,45,MID,0,7,Crystal Palace,3,a,2022
Killian,Phillips,0,0,0,0,0,0,0,0,0,0,0,0,0,0,0,45,MID,0,7,Crystal Palace,3,u,2022
John-Kymani,Gordon,0,0,0,0,0,0,0,0,0,0,0,0,0,0,0.1,45,FWD,0,7,Crystal Palace,3,u,2022
Kofi,Balmer,0,0,0,0,0,0,0,0,0,0,0,0,0,0,0.1,40,DEF,0,7,Crystal Palace,3,a,2022
Owen,Goodman,0,0,0,0,0,0,0,0,0,0,0,0,0,0,0,40,GK,0,7,Crystal Palace,3,a,2022
Jack,Wells-Morrison,0,0,0,0,0,0,0,0,0,0,0,0,0,0,0,45,MID,0,7,Crystal Palace,3,a,2022
David,Ozoh,0,0,1,1,0,0.8,0,0,0,3,0.1,0,0,0,0,45,MID,0,7,Crystal Palace,3,a,2022
Naouirou,Ahamada,0,0,7,87,2,13.2,7.4,14,0,20,3,0,0,1,0,45,MID,0,7,Crystal Palace,3,a,2022
Tayo,Adaramola,0,0,0,0,0,0,0,0,0,0,0,0,0,0,0,40,DEF,0,7,Crystal Palace,3,a,2022
Neal,Maupay,1,0,41,1104,19,109.9,85.8,429,3,86,62.2,3,0,4,0.5,56,FWD,11,8,Everton,3,a,2022
Asmir,Begović,0,0,9,90,0,0,36,0,2,30,3.6,1,0,0,0.8,38,GK,1,8,Everton,3,a,2022
Salomón,Rondón,0,0,7,103,2,26.1,7.4,41,0,12,7.3,0,0,0,0.3,49,FWD,1,8,Everton,3,u,2022
Seamus,Coleman,1,0,63,1654,25,108.7,297.8,95,5,314,50.4,5,0,1,0.3,41,DEF,20,8,Everton,3,i,2022
Andros,Townsend,0,0,0,0,0,0,0,0,0,0,0,0,0,0,0,54,MID,0,8,Everton,3,i,2022
Michael,Keane,1,2,39,983,22,42.6,242.6,131,5,180,41.7,2,0,0,0.5,42,DEF,10,8,Everton,3,a,2022
Dele,Alli,0,0,2,38,1,2.2,0.6,6,0,5,0.9,0,0,0,0.1,53,MID,0,8,Everton,3,u,2022
Jordan,Pickford,0,1,124,3330,57,23,991.2,0,10,666,101.3,8,0,6,6.2,44,GK,37,8,Everton,3,a,2022
Allan,Marques Loureiro,0,0,0,0,0,0,0,0,0,0,0,0,0,0,0.1,48,MID,0,8,Everton,3,u,2022
André,Tavares Gomes,0,0,0,0,0,0,0,0,0,0,0,0,0,0,0,45,MID,0,8,Everton,3,u,2022
Abdoulaye,Doucouré,5,2,76,1527,27,261.2,315.8,229,10,263,80.3,4,1,6,0.2,53,MID,17,8,Everton,3,a,2022
Alex,Iwobi,2,8,126,3379,56,917.7,682.4,366,9,563,196.7,9,0,2,1.1,49,MID,38,8,Everton,3,a,2022
Jean-Philippe,Gbamin,0,0,0,0,0,0,0,0,0,0,0,0,0,0,0,45,MID,0,8,Everton,3,u,2022
Yerry,Mina,2,0,33,594,9,17.7,176.8,134,7,115,33,1,0,2,0.4,43,DEF,7,8,Everton,3,a,2022
Demarai,Gray,4,1,91,2501,39,605.2,410.4,670,4,284,168.5,7,0,3,0.6,51,MID,27,8,Everton,3,a,2022
Tom,Davies,0,0,19,524,9,46.2,50.4,98,0,55,19.3,1,0,3,0,49,MID,4,8,Everton,3,d,2022
Dominic,Calvert-Lewin,2,1,40,1166,22,122.4,138.4,409,2,89,66.4,4,0,3,0.3,79,FWD,15,8,Everton,3,i,2022
Mason,Holgate,0,0,16,506,9,71.9,90.4,55,2,81,21.5,2,1,1,0.1,42,DEF,5,8,Everton,3,a,2022
Ben,Godfrey,0,1,18,801,18,42.3,146.8,46,0,101,23.6,1,0,2,0.1,43,DEF,10,8,Everton,3,i,2022
Vitalii,Mykolenko,0,1,75,2653,46,307,504.8,120,4,449,93.4,7,0,4,0.6,41,DEF,30,8,Everton,3,d,2022
Jarrad,Branthwaite,0,0,0,0,0,0,0,0,0,0,0,0,0,0,0,40,DEF,0,8,Everton,3,u,2022
Nathan,Patterson,0,0,31,1274,22,111.9,231.4,108,0,173,45.3,2,0,3,2.2,39,DEF,14,8,Everton,3,i,2022
Niels,Nkounkou,0,0,0,0,0,0,0,0,0,0,0,0,0,0,0.2,40,DEF,0,8,Everton,3,u,2022
James,Tarkowski,1,1,106,3420,57,184.7,1019.6,435,13,632,164.2,9,0,6,4.4,41,DEF,38,8,Everton,3,a,2022
Conor,Coady,1,1,77,2094,28,59.5,392.6,88,5,397,54,7,0,2,3,47,DEF,23,8,Everton,3,a,2022
Rúben,Nascimento Vinagre,0,0,2,24,0,1.4,7.6,0,0,9,0.9,0,0,0,0,43,DEF,0,8,Everton,3,i,2022
Dwight,McNeil,7,5,126,2490,46,726.6,699.4,462,14,505,189.2,5,0,5,2,52,MID,28,8,Everton,3,a,2022
Stanley,Mills,0,0,0,0,0,0,0,0,0,0,0,0,0,0,0,43,MID,0,8,Everton,3,a,2022
Lewis,Warrington,0,0,0,0,0,0,0,0,0,0,0,0,0,0,0.1,44,MID,0,8,Everton,3,u,2022
James,Garner,0,1,25,796,13,114.6,90.4,57,0,109,26.5,2,0,3,0,45,MID,7,8,Everton,3,a,2022
Amadou,Onana,1,3,77,2486,37,295.1,347.2,280,2,300,92,9,0,9,0.1,47,MID,29,8,Everton,3,a,2022
Reece,Welch,0,0,0,0,0,0,0,0,0,0,0,0,0,0,0.1,40,DEF,0,8,Everton,3,a,2022
Idrissa,Gueye,0,1,66,2577,45,193.7,399.2,61,1,357,65.3,8,0,7,0.1,47,MID,32,8,Everton,3,a,2022
Eldin,Jakupovic,0,0,0,0,0,0,0,0,0,0,0,0,0,0,0,40,GK,0,8,Everton,3,u,2022
Kyle,John,0,0,0,0,0,0,0,0,0,0,0,0,0,0,0.1,39,DEF,0,8,Everton,3,a,2022
Thomas,Cannon,0,0,2,23,1,11.6,5,21,0,7,3.8,0,0,0,0,45,FWD,0,8,Everton,3,u,2022
Isaac,Price,0,0,0,32,0,15.6,9.6,0,0,3,2.5,0,0,1,0,45,MID,0,8,Everton,3,a,2022
Ellis,Simms,1,0,17,219,4,39.3,40.8,54,0,59,13,0,0,0,0.1,45,FWD,2,8,Everton,3,a,2022
Ishé,Samuels-Smith,0,0,0,0,0,0,0,0,0,0,0,0,0,0,0,40,DEF,0,8,Everton,3,i,2022
Andy,Lonergan,0,0,0,0,0,0,0,0,0,0,0,0,0,0,0,40,GK,0,8,Everton,3,a,2022
Sean,McAllister,0,0,0,0,0,0,0,0,0,0,0,0,0,0,0,45,MID,0,8,Everton,3,a,2022
Cédric,Alves Soares,0,0,10,223,3,51.4,56.4,10,0,56,11.9,0,0,0,0.1,42,DEF,2,9,Fulham,3,a,2022
Bernd,Leno,0,0,142,3240,51,10,1115.8,0,17,766,112.7,8,0,3,3.5,46,GK,36,9,Fulham,3,a,2022
Shane,Duffy,0,0,4,17,4,0.2,0.2,7,0,12,0.2,0,0,0,0.1,42,DEF,0,9,Fulham,3,a,2022
Tom,Cairney,2,1,53,968,13,228.2,189.2,204,2,217,62.4,1,0,2,0.1,47,MID,6,9,Fulham,3,a,2022
Tim,Ream,1,0,98,2898,44,65.2,604.2,76,12,560,74.8,8,0,2,1.2,45,DEF,33,9,Fulham,3,i,2022
Anthony,Knockaert,0,0,0,0,0,0,0,0,0,0,0,0,0,0,0,47,MID,0,9,Fulham,3,u,2022
Nathaniel,Chalobah,0,0,1,11,4,0.6,4.6,17,0,2,2.3,0,1,0,0.1,44,MID,1,9,Fulham,3,u,2022
Neeskens,Kebano,0,4,40,758,10,179.7,119.6,112,0,123,41.5,3,0,0,0,54,MID,9,9,Fulham,3,a,2022
Bobby,De Cordova-Reid,4,1,90,2473,40,326.6,365.2,508,3,289,119.7,8,0,8,0.1,54,MID,29,9,Fulham,3,a,2022
Joe,Bryan,0,0,0,0,0,0,0,0,0,0,0,0,0,0,0,44,DEF,0,9,Fulham,3,u,2022
Paulo,Gazzaniga Farias,0,0,0,0,0,0,0,0,0,0,0,0,0,0,1.2,40,GK,0,9,Fulham,3,u,2022
Terence,Kongolo,0,0,0,0,0,0,0,0,0,0,0,0,0,0,0.2,39,DEF,0,9,Fulham,3,u,2022
Tosin,Adarabioyo,1,0,49,2084,39,89.8,495,128,1,353,71.4,3,0,4,0.1,44,DEF,23,9,Fulham,3,a,2022
Aleksandar,Mitrović,14,2,107,2010,30,216.5,584.8,1141,14,324,193.1,7,0,7,12.5,66,FWD,23,9,Fulham,3,a,2022
Harrison,Reed,3,4,107,2868,44,495.6,480.4,266,9,409,124.2,9,0,5,1,43,MID,35,9,Fulham,3,a,2022
Harry,Wilson,2,5,68,1085,15,182.1,209.2,173,2,215,56.4,2,0,1,0.2,57,MID,13,9,Fulham,3,a,2022
Marek,Rodák,0,0,7,180,2,0,19,0,0,33,1.9,1,0,0,0.2,43,GK,2,9,Fulham,3,a,2022
Ivan,Neves Abreu Cavaleiro,0,0,0,0,0,0,0,0,0,0,0,0,0,0,0,48,MID,0,9,Fulham,3,u,2022
Kenny,Tete,1,5,90,2569,36,385.6,617.8,110,1,484,111.6,7,0,8,0.4,44,DEF,29,9,Fulham,3,a,2022
Josh,Onomah,0,0,2,14,2,0.6,2,0,0,4,0.3,0,0,0,0.1,43,MID,0,9,Fulham,3,u,2022
Antonee,Robinson,0,2,93,3088,44,417.6,553,57,5,558,102.9,9,0,8,0.5,44,DEF,35,9,Fulham,3,a,2022
Rodrigo,Muniz Carvalho,0,0,0,0,0,0,0,0,0,0,0,0,0,0,0,54,FWD,0,9,Fulham,3,u,2022
Jay,Stansfield,0,1,7,85,2,12.8,8.4,46,0,22,6.7,0,0,0,0.7,45,FWD,1,9,Fulham,3,u,2022
João,Palhinha Gonçalves,3,0,83,3108,43,141.8,560.4,336,5,379,104.2,9,0,14,0.3,49,MID,35,9,Fulham,3,a,2022
Daniel,James,2,1,45,802,18,121.4,144.6,218,2,152,48.1,1,0,0,0.2,59,MID,7,9,Fulham,3,d,2022
Andreas,Hoelgebaum Pereira,4,10,123,2696,40,965,440.6,495,9,360,189.3,8,0,8,10.1,43,MID,33,9,Fulham,3,i,2022
Issa,Diop,1,0,79,2008,26,27.7,432.6,78,8,422,53.8,7,0,2,0.3,43,DEF,21,9,Fulham,3,a,2022
Tyrese,Francois,0,0,1,1,0,0.3,1,0,0,3,0.1,0,0,0,0,44,MID,0,9,Fulham,3,u,2022
Kevin,Mbabu,0,1,7,141,7,37.7,39.8,0,0,39,7.8,0,0,1,0.1,43,DEF,1,9,Fulham,3,u,2022
Luke,Harris,0,0,3,10,1,1.6,0.6,0,0,7,0.2,0,0,0,0,43,MID,0,9,Fulham,3,a,2022
Manor,Solomon,4,0,44,560,11,86,214.8,107,1,156,40.8,0,0,0,0.1,49,MID,4,9,Fulham,3,a,2022
Terry,Ablade,0,0,0,0,0,0,0,0,0,0,0,0,0,0,0.1,45,FWD,0,9,Fulham,3,a,2022
Layvin,Kurzawa,0,0,2,136,4,4.5,20.2,0,0,13,2.5,0,0,1,0,43,DEF,2,9,Fulham,3,a,2022
Willian,Borges da Silva,5,7,116,2127,22,658.8,430.2,447,11,442,153.6,9,0,2,0.5,55,MID,25,9,Fulham,3,a,2022
Carlos Vinícius,Alves Morais,5,2,72,1098,20,118.3,244,370,10,206,72.7,1,0,3,0.5,54,FWD,11,9,Fulham,3,a,2022
Stefan,Parkes,0,0,0,0,0,0,0,0,0,0,0,0,0,0,0,40,DEF,0,9,Fulham,3,a,2022
Martial,Godo,0,0,0,0,0,0,0,0,0,0,0,0,0,0,0,45,MID,0,9,Fulham,3,a,2022
Kristian,Sekularac,0,0,0,0,0,0,0,0,0,0,0,0,0,0,0,45,MID,0,9,Fulham,3,a,2022
Sasa,Lukic,0,0,15,406,10,16,34.2,18,0,58,6.8,0,0,1,0,45,MID,4,9,Fulham,3,a,2022
George,Wickens,0,0,0,0,0,0,0,0,0,0,0,0,0,0,0,40,GK,0,9,Fulham,3,a,2022
Charlie,Robinson,0,0,0,0,0,0,0,0,0,0,0,0,0,0,0,40,DEF,0,9,Fulham,3,a,2022
Matthew,Dibley-Dias,0,0,0,0,0,0,0,0,0,0,0,0,0,0,0,45,MID,0,9,Fulham,3,a,2022
Kasper,Schmeichel,0,0,0,0,0,0,0,0,0,0,0,0,0,0,0.1,50,GK,0,10,Leicester,3,u,2022
Jonny,Evans,0,0,20,1051,28,20.6,223.8,35,0,191,27.9,2,0,1,0.2,44,DEF,12,10,Leicester,3,a,2022
Ryan,Bertrand,0,0,0,0,0,0,0,0,0,0,0,0,0,0,0,39,DEF,0,10,Leicester,3,d,2022
Marc,Albrighton,1,0,13,232,3,95.2,76.8,43,0,57,21.4,0,0,0,0,47,MID,1,10,Leicester,3,u,2022
Nampalys,Mendy,1,0,30,746,13,42,115.2,20,1,142,17.8,0,0,1,0.4,42,MID,7,10,Leicester,3,a,2022
Jannik,Vestergaard,0,0,0,0,0,0,0,0,0,0,0,0,0,0,4.9,38,DEF,0,10,Leicester,3,i,2022
Danny,Ward,0,0,91,2340,46,0,631.4,0,12,485,63,6,0,0,18.4,38,GK,26,10,Leicester,3,d,2022
Jamie,Vardy,3,5,82,1841,38,173.5,287,451,4,206,90.6,4,0,1,2.3,91,FWD,19,10,Leicester,3,a,2022
Ricardo,Barbosa Pereira,1,1,20,451,11,100.2,148,25,2,106,27.3,0,0,2,0.1,42,DEF,5,10,Leicester,3,a,2022
Daniel,Amartey,0,0,51,1608,27,79.8,358.4,50,4,328,48.9,5,0,1,0.7,39,DEF,18,10,Leicester,3,a,2022
Timothy,Castagne,2,4,114,3255,63,377.3,679.8,289,11,615,135,8,0,3,5.5,43,DEF,36,10,Leicester,3,a,2022
Youri,Tielemans,3,3,86,2341,49,458.3,512.2,190,6,461,116.2,6,0,4,1.2,61,MID,27,10,Leicester,3,a,2022
Ayoze,Pérez,0,2,19,378,5,151,65.2,92,0,69,30.9,1,0,0,0.1,47,MID,3,10,Leicester,3,u,2022
James,Maddison,10,9,135,2479,54,970,785.4,769,9,520,252.9,4,0,10,5.5,78,MID,28,10,Leicester,3,a,2022
Kelechi,Iheanacho,5,5,82,1112,23,228.9,306.6,437,9,237,95.7,1,0,0,0.9,58,FWD,11,10,Leicester,3,a,2022
Hamza,Choudhury,0,0,0,0,0,0,0,0,0,0,0,0,0,0,0,45,MID,0,10,Leicester,3,u,2022
Harvey,Barnes,13,2,138,2709,51,305.1,567.4,883,0,379,175.5,6,0,3,1.7,66,MID,32,10,Leicester,3,a,2022
Wilfred,Ndidi,0,0,41,1672,39,73,317.6,45,0,257,43.2,1,0,4,0.2,48,MID,19,10,Leicester,3,d,2022
Kiernan,Dewsbury-Hall,2,3,82,2305,41,527.7,446.6,233,5,347,121,7,1,3,0.5,49,MID,28,10,Leicester,3,a,2022
Çaglar,Söyüncü,1,0,16,528,13,13.3,174.6,53,3,93,24.1,0,0,2,0.2,42,DEF,6,10,Leicester,3,i,2022
James,Justin,0,2,45,1252,25,138.8,208.4,40,2,263,38.7,5,0,0,0.4,41,DEF,14,10,Leicester,3,i,2022
Boubakary,Soumaré,0,0,41,1624,30,148.7,236.6,5,0,238,39.2,6,0,9,0.3,44,MID,20,10,Leicester,3,a,2022
Luke,Thomas,0,1,28,1068,20,89.4,166.8,12,0,189,26.8,2,0,3,0.2,39,DEF,11,10,Leicester,3,a,2022
Patson,Daka,4,4,70,1169,24,223.6,295.2,440,3,231,95.1,5,0,2,0.8,56,FWD,13,10,Leicester,3,a,2022
Lewis,Brunt,0,0,1,22,1,1,2.2,0,0,4,0.3,0,0,0,0.3,39,DEF,0,10,Leicester,3,a,2022
Daniel,Iversen,0,0,29,1080,22,0,255.8,0,2,183,25.6,1,0,0,5.1,39,GK,12,10,Leicester,3,a,2022
Dennis,Praet,1,1,34,635,10,66.9,96.4,64,0,115,22.7,2,0,1,0,48,MID,6,10,Leicester,3,a,2022
Alex,Smithies,0,0,0,0,0,0,0,0,0,0,0,0,0,0,0.1,39,GK,0,10,Leicester,3,a,2022
Wout,Faes,1,2,78,2786,51,115.6,662.4,93,5,545,87.1,7,1,4,0.2,42,DEF,31,10,Leicester,3,a,2022
Sammy,Braybrooke,0,0,0,0,0,0,0,0,0,0,0,0,0,0,0,45,MID,0,10,Leicester,3,i,2022
Joe,Wormleighton,0,0,0,0,0,0,0,0,0,0,0,0,0,0,0,40,DEF,0,10,Leicester,3,a,2022
Kasey,McAteer,0,0,0,0,0,0,0,0,0,0,0,0,0,0,0,45,MID,0,10,Leicester,3,u,2022
Victor,Kristiansen,0,1,16,891,21,119.3,173.2,14,0,111,30.8,0,0,2,0,45,DEF,11,10,Leicester,3,a,2022
Mateus,Cardoso Lemos Martins,1,0,27,732,15,98.7,84,109,1,90,28.8,0,0,0,0.1,49,MID,9,10,Leicester,3,a,2022
Harry,Souttar,0,1,20,991,19,38.9,242.6,65,0,151,34.6,1,0,2,0.1,45,DEF,11,10,Leicester,3,a,2022
Wanya,Marçal-Madivadua,0,0,0,0,0,0,0,0,0,0,0,0,0,0,0,45,MID,0,10,Leicester,3,a,2022
Liam,Cooper,1,0,31,1425,32,65.2,309.8,145,1,238,51.7,2,0,5,0.1,44,DEF,16,11,Leeds,3,a,2022
Luke,Ayling,2,1,59,2048,48,209.3,451.8,264,4,336,92.8,3,0,3,0.3,45,DEF,22,11,Leeds,3,a,2022
Mateusz,Klich,0,0,12,266,5,69.3,39.6,50,0,43,15.2,0,0,2,0,46,MID,0,11,Leeds,3,u,2022
Adam,Forshaw,0,0,16,473,13,62,49.6,0,0,78,11.3,0,0,0,0,44,MID,5,11,Leeds,3,a,2022
Rodrigo,Moreno,13,2,127,1928,43,241.1,577.6,853,6,368,166.5,5,0,6,4.1,63,MID,23,11,Leeds,3,d,2022
Stuart,Dallas,0,0,0,0,0,0,0,0,0,0,0,0,0,0,0,49,DEF,0,11,Leeds,3,i,2022
Patrick,Bamford,4,5,70,1510,31,171.6,252.2,588,3,157,99.6,1,0,3,0.4,71,FWD,18,11,Leeds,3,d,2022
Diego,Llorente,0,0,16,648,12,5.8,99,40,2,115,14.6,1,0,1,0.2,44,DEF,7,11,Leeds,3,u,2022
Tyler,Roberts,0,0,0,0,0,0,0,0,0,0,0,0,0,0,0,50,MID,0,11,Leeds,3,u,2022
Robin,Koch,0,0,55,3175,74,72.9,589.2,201,2,447,86.3,5,0,7,0.2,45,DEF,36,11,Leeds,3,a,2022
Raphael,Dias Belloli,0,0,0,0,0,0,0,0,0,0,0,0,0,0,0.1,70,MID,0,11,Leeds,3,u,2022
Jack,Harrison,5,8,134,2707,55,791.5,556.2,466,15,403,181.2,6,0,2,2.1,57,MID,34,11,Leeds,3,a,2022
Jamie,Shackleton,0,0,0,0,0,0,0,0,0,0,0,0,0,0,0,45,MID,0,11,Leeds,3,u,2022
Pascal,Struijk,2,2,66,2198,52,216.2,544.4,253,4,423,101.5,4,0,5,0.5,45,DEF,26,11,Leeds,3,a,2022
Kristoffer,Klaesson,0,0,0,0,0,0,0,0,0,0,0,0,0,0,0.7,38,GK,0,11,Leeds,3,a,2022
Sam,Greenwood,1,2,30,410,11,210.5,121.8,85,1,107,41.6,0,0,1,10.8,41,FWD,3,11,Leeds,3,a,2022
Illan,Meslier,0,0,90,3060,67,0,738.6,17,8,548,75.9,5,0,3,1.7,44,GK,34,11,Leeds,3,a,2022
Junior,Firpo Adames,1,2,30,1364,33,123.4,286,41,3,187,45,1,1,5,0.1,45,DEF,14,11,Leeds,3,a,2022
Crysencio,Summerville,4,4,74,1411,38,222.6,311.8,357,4,235,88.6,1,0,4,0.6,42,MID,12,11,Leeds,3,a,2022
Lewis,Bate,0,0,0,0,0,0,0,0,0,0,0,0,0,0,0,45,MID,0,11,Leeds,3,u,2022
Joe,Gelhardt,0,2,20,201,3,32.1,49.4,114,0,44,19.4,0,0,1,0.2,51,FWD,1,11,Leeds,3,u,2022
Leo Fuhr,Hjelde,0,0,0,0,0,0,0,0,0,0,0,0,0,0,0.2,39,DEF,0,11,Leeds,3,u,2022
Rasmus,Kristensen,3,1,51,1957,53,143.6,474.4,160,1,322,78,2,0,4,0.4,47,DEF,21,11,Leeds,3,a,2022
Marc,Roca Junqué,1,3,67,2316,60,475.8,433.6,323,3,357,123.1,2,0,7,0.1,48,MID,29,11,Leeds,3,a,2022
Brenden,Aaronson,1,4,83,2365,58,662.6,306,439,0,232,141.1,5,0,2,0.6,53,MID,28,11,Leeds,3,a,2022
Darko,Gyabi,0,0,1,7,0,0.5,4.4,20,0,7,2.5,0,0,0,0.1,42,MID,0,11,Leeds,3,i,2022
Tyler,Adams,0,0,47,2156,36,328.9,393.6,24,1,290,74.9,5,1,4,0.1,49,MID,24,11,Leeds,3,i,2022
Luis,Sinisterra Lucumí,5,0,53,863,23,157.7,242.8,305,6,173,70.6,0,1,1,0.2,65,MID,13,11,Leeds,3,i,2022
Cody,Drameh,0,0,1,70,3,2.7,12.8,0,0,16,1.6,0,0,0,0.1,40,DEF,1,11,Leeds,3,u,2022
Archie,Gray,0,0,0,0,0,0,0,0,0,0,0,0,0,0,0,45,MID,0,11,Leeds,3,i,2022
Joel,Robles,0,0,7,360,11,0,93.2,0,0,65,9.3,0,0,1,0.1,40,GK,4,11,Leeds,3,a,2022
Wilfried,Gnonto,2,4,55,1346,28,323.5,264.8,253,6,183,84.3,4,0,7,0.7,47,FWD,14,11,Leeds,3,a,2022
Mateo Joseph,Fernández,0,0,3,24,0,0.2,3,19,0,5,2.2,0,0,0,0,45,FWD,0,11,Leeds,3,i,2022
Sonny,Perkins,0,0,0,0,0,0,0,0,0,0,0,0,0,0,0,45,FWD,0,11,Leeds,3,a,2022
Maximilian,Wöber,0,0,25,1264,23,65.8,273.4,54,2,195,39.5,2,0,3,0,44,DEF,14,11,Leeds,3,a,2022
Georginio,Rutter,0,1,15,263,9,38.3,36.2,41,0,45,11.4,0,0,0,0,50,FWD,1,11,Leeds,3,a,2022
Weston,McKennie,0,1,31,1434,35,201.7,198.8,81,0,135,48.3,1,0,7,0,46,MID,16,11,Leeds,3,a,2022
Jeremiah,Chilokoa-Mullen,0,0,0,0,0,0,0,0,0,0,0,0,0,0,0,40,DEF,0,11,Leeds,3,a,2022
Diogo,Pinheiro Monteiro,0,0,0,0,0,0,0,0,0,0,0,0,0,0,0,40,DEF,0,11,Leeds,3,a,2022
James,Milner,0,1,42,889,12,207.2,172.8,92,0,187,47.2,3,0,2,0.6,44,MID,7,12,Liverpool,4,a,2022
Jordan,Henderson,0,3,69,2060,30,506.1,307.4,174,0,401,99.1,8,0,2,0.5,53,MID,23,12,Liverpool,4,a,2022
Joel,Matip,1,0,36,1091,20,49.5,223.4,90,4,216,36.2,3,0,3,0.9,59,DEF,12,12,Liverpool,4,a,2022
Thiago,Alcántara do Nascimento,0,0,30,1252,23,265.8,244.4,86,0,194,59.8,2,0,2,0.6,51,MID,14,12,Liverpool,4,i,2022
Alex,Oxlade-Chamberlain,1,0,20,332,7,66.3,72.4,84,2,57,22.3,0,0,0,0,49,MID,4,12,Liverpool,4,a,2022
Roberto,Firmino,11,4,104,1202,17,293.2,542,792,12,447,162.8,4,0,0,3.2,80,FWD,13,12,Liverpool,4,a,2022
Virgil,van Dijk,3,1,127,2835,36,121,743.2,389,13,636,125.4,11,0,3,12.4,66,DEF,32,12,Liverpool,4,a,2022
Alisson,Ramses Becker,0,1,162,3330,43,10.1,966.4,0,15,824,97.6,14,0,1,16.8,55,GK,37,12,Liverpool,4,a,2022
Fabio Henrique,Tavares,0,2,70,2666,34,302,379.2,109,0,394,79,11,0,11,0.8,52,MID,31,12,Liverpool,4,a,2022
Mohamed,Salah,19,13,239,3290,45,869.9,1046.2,1620,23,651,353.7,13,0,2,37.2,131,MID,37,12,Liverpool,4,a,2022
Andrew,Robertson,0,8,121,2579,34,862.1,549.2,211,10,633,162.3,9,0,3,6,68,DEF,29,12,Liverpool,4,d,2022
Trent,Alexander-Arnold,2,11,156,2922,44,1168.2,779,241,21,824,219,10,0,5,30.7,78,DEF,34,12,Liverpool,4,a,2022
Joseph,Gomez,0,0,68,1461,16,43.7,297.8,27,8,337,36.9,8,0,3,0.8,43,DEF,15,12,Liverpool,4,a,2022
Naby,Keita,0,0,10,290,4,92.6,23.8,54,0,34,16.9,1,0,1,0,47,MID,3,12,Liverpool,4,i,2022
Diogo,Teixeira da Silva,7,4,80,1125,19,237.9,304.2,337,9,282,87.5,5,0,2,2,86,FWD,12,12,Liverpool,4,a,2022
Caoimhin,Kelleher,0,0,2,90,4,0,0,0,0,20,0,0,0,0,0.2,39,GK,1,12,Liverpool,4,a,2022
Ibrahima,Konaté,0,0,49,1551,22,39.6,285.6,144,0,305,46.8,7,0,5,1.3,49,DEF,17,12,Liverpool,4,d,2022
Curtis,Jones,3,1,52,1029,15,214.4,266.2,236,4,206,71.6,4,0,2,0.4,49,MID,12,12,Liverpool,4,a,2022
Konstantinos,Tsimikas,0,4,48,762,11,281.7,177.6,124,2,216,58.5,4,0,3,0.4,43,DEF,9,12,Liverpool,4,a,2022
Luis,Díaz,4,2,62,991,11,176.7,236.2,388,7,166,80.1,4,0,2,6.6,78,MID,11,12,Liverpool,4,a,2022
Harvey,Elliott,1,2,62,1600,20,372.3,257,363,2,286,99.4,5,0,2,0.5,48,MID,18,12,Liverpool,4,a,2022
Fábio,Freitas Gouveia Carvalho,2,1,27,339,3,36.7,89.4,173,0,80,29.7,0,0,0,0.3,51,MID,4,12,Liverpool,4,a,2022
Darwin,Núñez Ribeiro,9,5,100,1684,22,336.9,458.2,1078,8,310,186,7,1,1,6.4,86,FWD,19,12,Liverpool,4,d,2022
Calvin,Ramsay,0,0,0,0,0,0,0,0,0,0,0,0,0,0,0.2,39,DEF,0,12,Liverpool,4,i,2022
Adrián,San Miguel del Castillo,0,0,0,0,0,0,0,0,0,0,0,0,0,0,0.6,38,GK,0,12,Liverpool,4,a,2022
Rhys,Williams,0,0,0,0,0,0,0,0,0,0,0,0,0,0,0,40,DEF,0,12,Liverpool,4,u,2022
Ben,Davies,0,0,0,0,0,0,0,0,0,0,0,0,0,0,0,40,DEF,0,12,Liverpool,4,u,2022
Ben,Davies,0,0,0,0,0,0,0,0,0,0,0,0,0,0,0,40,DEF,0,18,Spurs,3,a,2022
Ben,Davies,0,0,0,0,0,0,0,0,0,0,0,0,0,0,0,40,DEF,26,12,Liverpool,4,u,2022
Ben,Davies,0,0,0,0,0,0,0,0,0,0,0,0,0,0,0,40,DEF,26,18,Spurs,3,a,2022
Sepp,van den Berg,0,0,0,0,0,0,0,0,0,0,0,0,0,0,0.1,40,DEF,0,12,Liverpool,4,u,2022
Nathaniel,Phillips,0,0,3,65,1,1.4,15.4,18,0,17,3.4,0,0,0,0.6,38,DEF,1,12,Liverpool,4,a,2022
Luke,Chambers,0,0,0,0,0,0,0,0,0,0,0,0,0,0,0.1,40,DEF,0,12,Liverpool,4,u,2022
Stefan,Bajcetic,1,0,22,522,4,61.7,90.2,77,0,85,22.8,3,0,2,0,43,MID,6,12,Liverpool,4,i,2022
Bobby,Clark,0,0,1,7,0,0.3,0,2,0,1,0.2,0,0,0,0,45,MID,0,12,Liverpool,4,a,2022
Harvey,Davies,0,0,0,0,0,0,0,0,0,0,0,0,0,0,0,40,GK,0,12,Liverpool,4,a,2022
Arthur Henrique,Ramos de Oliveira Melo,0,0,0,0,0,0,0,0,0,0,0,0,0,0,0,48,MID,0,12,Liverpool,4,a,2022
Ben,Doak,0,0,2,23,1,1.4,5.6,4,0,4,1.2,0,0,0,0,45,MID,0,12,Liverpool,4,a,2022
Cody,Gakpo,7,3,90,1455,19,271.1,331.8,415,4,256,101.3,6,0,0,5.3,76,MID,17,12,Liverpool,4,a,2022
Kyle,Walker,0,0,69,1953,20,176.2,223.8,39,0,376,43.8,7,0,3,4.5,47,DEF,22,13,Man City,5,a,2022
Ilkay,Gündogan,8,6,132,2351,20,636.9,596.2,597,9,518,182.7,10,0,0,7.7,74,MID,27,13,Man City,5,a,2022
Kevin,De Bruyne,7,18,183,2413,23,1476.7,897.8,598,26,742,297.6,10,0,1,25.5,121,MID,28,13,Man City,5,a,2022
John,Stones,2,2,93,1844,17,164.1,396,135,13,422,69.6,7,0,2,8.2,56,DEF,21,13,Man City,5,a,2022
Riyad,Mahrez,5,12,126,1913,23,773.4,533.6,520,11,470,182.5,6,0,2,8.9,75,MID,22,13,Man City,5,a,2022
Jack,Grealish,5,10,121,2051,16,721.3,515.8,683,9,490,191.7,10,0,4,7.9,71,MID,23,13,Man City,5,d,2022
João,Cancelo,2,2,73,1273,16,266.4,277,276,10,304,81.2,6,1,3,17.8,71,DEF,16,13,Man City,5,u,2022
Ederson,Santana de Moraes,0,1,121,3150,32,13.1,479,0,8,581,49.2,11,0,3,15,54,GK,35,13,Man City,5,a,2022
Nathan,Aké,1,0,92,1871,15,161.6,383.4,150,9,419,69.7,9,0,2,2.4,50,DEF,22,13,Man City,5,d,2022
Aymeric,Laporte,0,0,40,992,10,107.8,166.2,68,3,210,34.1,4,0,0,0.6,56,DEF,11,13,Man City,5,d,2022
Zack,Steffen,0,0,0,0,0,0,0,0,0,0,0,0,0,0,0,40,GK,0,13,Man City,5,u,2022
Bernardo,Veiga de Carvalho e Silva,4,6,106,2196,24,515,492,424,9,427,143.1,7,0,5,5.9,67,MID,24,13,Man City,5,a,2022
Rúben,Gato Alves Dias,0,0,80,1997,16,83.7,416.8,124,1,432,62.5,9,0,3,7.4,60,DEF,22,13,Man City,5,d,2022
Phil,Foden,11,7,142,1832,16,670.8,671.2,712,15,517,205.4,5,0,1,9.7,80,MID,22,13,Man City,5,a,2022
Rodrigo,Hernandez,2,6,108,2911,26,555.9,716,493,7,606,176.9,11,0,5,1.9,56,MID,34,13,Man City,5,a,2022
Cole,Palmer,0,1,19,358,4,72.4,59.2,97,0,76,23.1,1,0,1,0.1,42,MID,2,13,Man City,5,a,2022
James,McAtee,0,0,0,0,0,0,0,0,0,0,0,0,0,0,0,45,MID,0,13,Man City,5,u,2022
Erling,Haaland,36,9,272,2767,26,371,1390,1825,40,1040,358.1,13,0,5,78.4,124,FWD,33,13,Man City,5,a,2022
Julián,Álvarez,9,3,103,1448,16,271.1,430.8,545,14,393,124.7,5,0,0,7.7,61,FWD,13,13,Man City,5,a,2022
Luke,Mbete-Tabu,0,0,0,0,0,0,0,0,0,0,0,0,0,0,0.1,39,DEF,0,13,Man City,5,u,2022
Josh,Wilson-Esbrand,0,0,0,0,0,0,0,0,0,0,0,0,0,0,0.6,38,DEF,0,13,Man City,5,u,2022
Liam,Delap,0,0,0,0,0,0,0,0,0,0,0,0,0,0,0.2,44,FWD,0,13,Man City,5,u,2022
Stefan,Ortega Moreno,0,0,23,270,1,0,116.8,0,5,90,11.7,2,0,0,1.5,37,GK,3,13,Man City,5,a,2022
Kalvin,Phillips,0,0,14,291,3,46.5,39,19,0,68,10.5,1,0,1,0.1,48,MID,2,13,Man City,5,a,2022
Scott,Carson,0,0,0,0,0,0,0,0,0,0,0,0,0,0,0.4,38,GK,0,13,Man City,5,a,2022
Rico,Lewis,0,0,29,900,8,152.4,114.6,40,0,168,30.7,2,0,1,1.1,38,DEF,10,13,Man City,5,a,2022
Sergio,Gómez,0,1,21,340,6,52.8,66.2,24,1,83,14.3,1,0,0,0.1,44,DEF,2,13,Man City,5,a,2022
Claudio,Gomes,0,0,0,0,0,0,0,0,0,0,0,0,0,0,0,45,MID,0,13,Man City,5,u,2022
Ben,Knight,0,0,0,0,0,0,0,0,0,0,0,0,0,0,0,45,MID,0,13,Man City,5,a,2022
Manuel,Akanji,0,1,82,2284,23,146.5,385.6,180,5,460,71.4,7,0,2,3.6,51,DEF,24,13,Man City,5,d,2022
Máximo,Perrone,0,0,1,18,1,2.6,1,4,0,4,0.8,0,0,0,0,44,MID,0,13,Man City,5,i,2022
Alex,Robertson,0,0,0,0,0,0,0,0,0,0,0,0,0,0,0,45,MID,0,13,Man City,5,a,2022
Shea,Charles,0,0,1,27,1,0,0,0,0,3,0,0,0,0,0,45,MID,0,13,Man City,5,a,2022
Nico,O'Reilly,0,0,0,0,0,0,0,0,0,0,0,0,0,0,0,45,MID,0,13,Man City,5,a,2022
Jack,Butland,0,0,0,0,0,0,0,0,0,0,0,0,0,0,0.1,44,GK,0,14,Man Utd,3,a,2022
Cristiano Ronaldo,dos Santos Aveiro,1,0,20,519,8,83.2,63.8,218,3,42,35.6,3,0,2,1.9,102,FWD,4,14,Man Utd,3,u,2022
David,De Gea Quintana,0,0,161,3420,43,13,792.2,0,5,729,80.7,17,0,0,15.8,51,GK,38,14,Man Utd,3,a,2022
Phil,Jones,0,0,0,0,0,0,0,0,0,0,0,0,0,0,0.6,38,DEF,0,14,Man Utd,3,a,2022
Raphaël,Varane,0,0,77,1912,22,74,387,124,2,392,58.8,10,0,1,3.1,48,DEF,22,14,Man Utd,3,a,2022
Harry,Maguire,0,0,39,762,7,20.3,180.6,51,2,201,25.2,5,0,4,0.4,47,DEF,8,14,Man Utd,3,a,2022
Frederico,Rodrigues de Paula Santos,2,3,62,1228,22,335.9,282.2,213,2,272,83,4,0,6,0.5,51,MID,12,14,Man Utd,3,a,2022
Luke,Shaw,1,4,124,2552,35,547.7,572.8,118,20,626,124.2,12,0,8,19.2,53,DEF,30,14,Man Utd,3,d,2022
Bruno,Borges Fernandes,8,9,176,3317,39,1532.3,948,948,23,748,343.1,18,0,6,13.3,95,MID,37,14,Man Utd,3,a,2022
Alex,Telles,0,0,0,0,0,0,0,0,0,0,0,0,0,0,0,50,DEF,0,14,Man Utd,3,u,2022
Marcus,Rashford,17,7,205,2880,39,459.7,887.8,1427,21,530,277.6,13,0,2,37.8,72,MID,32,14,Man Utd,3,a,2022
Donny,van de Beek,0,0,8,162,3,40.2,11.2,54,0,21,10.5,0,0,0,0.1,51,MID,2,14,Man Utd,3,i,2022
Victor,Lindelöf,0,0,57,1359,16,53.5,265,19,3,327,33.9,6,0,1,1.6,41,DEF,14,14,Man Utd,3,a,2022
Scott,McTominay,1,0,36,1149,20,122.8,242.2,156,2,146,51.7,4,0,8,0.2,49,MID,10,14,Man Utd,3,a,2022
Eric,Bailly,0,0,0,0,0,0,0,0,0,0,0,0,0,0,0.3,40,DEF,0,14,Man Utd,3,u,2022
Jadon,Sancho,6,3,105,1683,18,543.9,390.6,382,8,375,131.7,13,0,0,3.3,71,MID,21,14,Man Utd,3,a,2022
Aaron,Wan-Bissaka,0,0,67,1432,10,221.9,290.4,143,3,308,65.5,8,0,2,1.8,43,DEF,16,14,Man Utd,3,a,2022
Diogo,Dalot Teixeira,1,2,102,2152,34,418.6,469.4,272,19,502,116,10,0,6,6.3,48,DEF,24,14,Man Utd,3,a,2022
Brandon,Williams,0,0,0,0,0,0,0,0,0,0,0,0,0,0,2.8,37,DEF,0,14,Man Utd,3,a,2022
Anthony,Elanga,0,1,23,417,2,78.8,52.4,162,0,53,28.7,2,0,0,0.4,46,MID,5,14,Man Utd,3,a,2022
Anthony,Martial,6,3,66,970,8,179,305.2,376,4,230,85.4,7,0,0,2.9,63,FWD,11,14,Man Utd,3,a,2022
Facundo,Pellistri Rebollo,0,0,4,60,1,1.7,3.2,2,0,14,0.6,0,0,0,0,43,MID,0,14,Man Utd,3,a,2022
Tom,Heaton,0,0,0,0,0,0,0,0,0,0,0,0,0,0,0.3,38,GK,0,14,Man Utd,3,a,2022
Tyrell,Malacia,0,0,62,1391,14,125.8,206.4,77,8,287,41.1,7,0,6,1.9,42,DEF,14,14,Man Utd,3,a,2022
Christian,Eriksen,1,9,103,2046,25,564.3,420.8,344,8,426,132.8,13,0,3,2.5,62,MID,25,14,Man Utd,3,a,2022
Lisandro,Martínez,1,0,81,2113,33,110.4,571.8,82,6,481,76.7,9,0,6,4.7,44,DEF,24,14,Man Utd,3,i,2022
Amad,Diallo,0,0,0,0,0,0,0,0,0,0,0,0,0,0,0,44,MID,0,14,Man Utd,3,u,2022
Zidane,Iqbal,0,0,0,0,0,0,0,0,0,0,0,0,0,0,0.2,42,MID,0,14,Man Utd,3,a,2022
Alejandro,Garnacho,3,2,39,557,13,58.5,153.8,266,0,81,47.9,0,0,3,1.5,41,MID,5,14,Man Utd,3,a,2022
Carlos Henrique,Casimiro,4,3,87,2122,22,393,638.6,278,10,389,131.1,10,2,7,2.4,49,MID,24,14,Man Utd,3,a,2022
Antony Matheus,dos Santos,4,2,82,1803,21,421,322,633,4,262,137.1,12,0,5,3.4,73,MID,23,14,Man Utd,3,d,2022
Matej,Kovár,0,0,0,0,0,0,0,0,0,0,0,0,0,0,0,40,GK,0,14,Man Utd,3,u,2022
Kobbie,Mainoo,0,0,1,10,0,0.8,5.8,6,0,2,1.3,0,0,0,0,45,MID,0,14,Man Utd,3,a,2022
Nathan,Bishop,0,0,0,0,0,0,0,0,0,0,0,0,0,0,0,40,GK,0,14,Man Utd,3,a,2022
Shola,Shoretire,0,0,0,0,0,0,0,0,0,0,0,0,0,0,0,45,FWD,0,14,Man Utd,3,u,2022
Rhys,Bennett,0,0,0,0,0,0,0,0,0,0,0,0,0,0,0,40,DEF,0,14,Man Utd,3,a,2022
Wout,Weghorst,0,1,24,790,11,183.7,97.6,140,0,56,42.1,4,0,1,0.3,54,FWD,10,14,Man Utd,3,a,2022
Marcel,Sabitzer,0,1,25,622,7,138.9,100.4,84,0,98,32.5,5,0,1,0.1,47,MID,7,14,Man Utd,3,i,2022
Marc,Jurado Gomez,0,0,0,0,0,0,0,0,0,0,0,0,0,0,0,40,DEF,0,14,Man Utd,3,a,2022
Anthony,Gordon,4,0,68,1574,18,215.3,265.6,517,5,186,99.8,4,0,7,0.9,51,MID,16,15,Newcastle,4,a,2022
Matt,Ritchie,0,0,7,35,0,17.2,8.8,2,0,24,2.8,0,0,0,0.1,42,DEF,0,15,Newcastle,4,i,2022
Federico,Fernández,0,0,0,0,0,0,0,0,0,0,0,0,0,0,0,44,DEF,0,15,Newcastle,4,u,2022
Ciaran,Clark,0,0,0,0,0,0,0,0,0,0,0,0,0,0,0,45,DEF,0,15,Newcastle,4,u,2022
Karl,Darlow,0,0,0,0,0,0,0,0,0,0,0,0,0,0,0.7,39,GK,0,15,Newcastle,4,u,2022
Martin,Dubravka,0,0,11,156,1,0,29.4,0,1,49,2.9,1,0,0,0.4,41,GK,1,15,Newcastle,4,a,2022
Callum,Wilson,18,6,157,1870,16,271,720,1020,20,526,200.4,10,0,4,17.2,73,FWD,21,15,Newcastle,4,a,2022
Kieran,Trippier,1,9,198,3342,31,1818.5,904.8,117,39,941,284.3,16,0,5,62.4,60,DEF,38,15,Newcastle,4,a,2022
Dan,Burn,1,0,129,3109,30,230.4,550.2,265,6,584,104.8,14,0,5,4.3,45,DEF,35,15,Newcastle,4,a,2022
Ryan,Fraser,0,0,11,308,3,74,26.8,70,0,39,17.2,1,0,1,0.1,52,MID,3,15,Newcastle,4,a,2022
Jamaal,Lascelles,0,0,3,214,5,0.9,42.6,13,0,22,5.4,0,0,4,0.1,43,DEF,2,15,Newcastle,4,i,2022
Dwight,Gayle,0,0,0,0,0,0,0,0,0,0,0,0,0,0,0,45,FWD,0,15,Newcastle,4,u,2022
Paul,Dummett,0,0,0,0,0,0,0,0,0,0,0,0,0,0,0.3,39,DEF,0,15,Newcastle,4,a,2022
Javier,Manquillo Gaitán,0,0,4,34,1,5.5,12,2,0,19,2,0,0,0,0.1,42,DEF,0,15,Newcastle,4,i,2022
Emil,Krafth,0,0,1,1,0,0,0,0,0,3,0,0,0,0,0,43,DEF,0,15,Newcastle,4,i,2022
Jacob,Murphy,4,2,78,1230,12,302.5,275,410,2,240,98.9,3,0,0,3.2,42,MID,14,15,Newcastle,4,a,2022
Fabian,Schär,1,3,139,3207,28,263.9,653.4,521,6,617,144.1,15,0,7,14.4,51,DEF,36,15,Newcastle,4,a,2022
Matt,Targett,0,0,35,600,6,141.9,97.6,8,2,157,24.8,3,0,1,0.5,47,DEF,6,15,Newcastle,4,a,2022
Allan,Saint-Maximin,1,6,66,1109,14,344.1,266.4,370,4,240,98.2,4,0,1,3.1,61,MID,12,15,Newcastle,4,a,2022
Miguel,Almirón Rejala,11,4,158,2487,22,424,599.2,849,15,511,187.5,15,0,2,12.8,54,MID,29,15,Newcastle,4,a,2022
Sean,Longstaff,1,5,93,2514,18,372,385.2,408,2,347,116.8,13,0,2,1,43,MID,28,15,Newcastle,4,a,2022
Joelinton Cássio,Apolinário de Lira,6,5,115,2660,26,413.1,603.4,655,10,458,167.3,11,0,12,2,60,MID,30,15,Newcastle,4,i,2022
Jamal,Lewis,0,0,2,9,1,0.8,1,4,0,6,0.6,0,0,0,0.1,44,DEF,0,15,Newcastle,4,a,2022
Joe,Willock,3,7,123,2556,26,547,520.8,680,11,415,174.9,12,0,1,1.2,47,MID,31,15,Newcastle,4,i,2022
Bruno,Guimarães Rodriguez Moura,4,5,107,2727,25,631.8,617.6,284,5,438,153.6,12,0,7,2.9,55,MID,32,15,Newcastle,4,a,2022
Jeff,Hendrick,0,0,0,0,0,0,0,0,0,0,0,0,0,0,0,45,MID,0,15,Newcastle,4,u,2022
Nick,Pope,0,0,157,3261,32,20,709.6,0,14,678,72.9,14,1,3,18,54,GK,37,15,Newcastle,4,i,2022
Sven,Botman,0,2,129,3127,30,120.1,554.4,303,8,666,98.1,13,0,2,6.9,45,DEF,35,15,Newcastle,4,a,2022
Elliot,Anderson,0,1,30,395,7,114.7,70.2,180,2,93,36.5,1,0,0,0.1,43,MID,3,15,Newcastle,4,a,2022
Harrison,Ashby,0,0,0,0,0,0,0,0,0,0,0,0,0,0,0.6,38,DEF,0,15,Newcastle,4,a,2022
Alexander,Isak,10,2,100,1520,20,244.1,475,693,18,353,141.1,4,0,3,12.7,70,FWD,17,15,Newcastle,4,a,2022
Loris,Karius,0,0,0,0,0,0,0,0,0,0,0,0,0,0,0.1,39,GK,0,15,Newcastle,4,a,2022
Garang,Kuol,0,0,0,0,0,0,0,0,0,0,0,0,0,0,0,45,MID,0,15,Newcastle,4,u,2022
Lewis,Miley,0,0,1,14,0,0,0,0,0,2,0,0,0,0,0,45,MID,0,15,Newcastle,4,a,2022
Mark,Gillespie,0,0,0,0,0,0,0,0,0,0,0,0,0,0,0,40,GK,0,15,Newcastle,4,a,2022
Neco,Williams,1,1,54,1872,41,257.3,372.2,209,1,284,84,4,0,7,12.1,38,DEF,20,16,Nott'm Forest,3,i,2022
Jonjo,Shelvey,0,0,16,573,11,102.1,55.6,11,0,67,16.3,1,0,2,0,48,MID,6,16,Nott'm Forest,3,a,2022
Chris,Wood,3,0,53,807,9,82.1,145.2,169,7,163,39.3,4,0,0,0.5,56,FWD,9,16,Nott'm Forest,3,i,2022
Harry,Arter,0,0,0,0,0,0,0,0,0,0,0,0,0,0,0.4,41,MID,0,16,Nott'm Forest,3,a,2022
Steve,Cook,0,0,20,956,21,39.3,177.4,28,0,149,24.4,2,0,4,0.1,43,DEF,11,16,Nott'm Forest,3,a,2022
Lyle,Taylor,0,0,0,0,0,0,0,0,0,0,0,0,0,0,4.2,41,FWD,0,16,Nott'm Forest,3,a,2022
Jack,Colback,0,0,14,492,11,33.7,62,2,0,73,9.9,0,0,0,0.7,41,MID,4,16,Nott'm Forest,3,d,2022
Brice,Samba,0,0,0,0,0,0,0,0,0,0,0,0,0,0,0,45,GK,0,16,Nott'm Forest,3,u,2022
Carlos,Ribeiro Dias,0,0,1,6,0,0.1,2.4,0,0,3,0.3,0,0,0,0.3,42,MID,0,16,Nott'm Forest,3,a,2022
Joe,Lolley,0,0,0,0,0,0,0,0,0,0,0,0,0,0,0,49,MID,0,16,Nott'm Forest,3,u,2022
Scott,McKenna,0,0,40,1570,32,93.9,278.8,46,0,275,41.8,5,0,4,0.1,44,DEF,19,16,Nott'm Forest,3,i,2022
Mohamed,Dräger,0,0,0,0,0,0,0,0,0,0,0,0,0,0,0.1,40,DEF,0,16,Nott'm Forest,3,u,2022
Ryan,Yates,0,3,53,1833,36,97.3,206.8,233,0,177,53.1,5,0,5,0,50,MID,21,16,Nott'm Forest,3,a,2022
Joe,Worrall,1,0,61,2215,44,66.4,471,92,2,366,62.5,5,0,6,0.1,42,DEF,21,16,Nott'm Forest,3,a,2022
Jonathan,Panzo,0,0,0,0,0,0,0,0,0,0,0,0,0,0,0,40,DEF,0,16,Nott'm Forest,3,u,2022
Xande,Nascimento da Costa Silva,0,0,0,0,0,0,0,0,0,0,0,0,0,0,0,50,MID,0,16,Nott'm Forest,3,u,2022
Sam,Surridge,1,0,26,306,5,15.9,59.4,92,3,61,15.7,0,0,2,0.7,46,FWD,1,16,Nott'm Forest,3,a,2022
Richie,Laryea,0,0,0,0,0,0,0,0,0,0,0,0,0,0,0,45,DEF,0,16,Nott'm Forest,3,u,2022
Loïc,Mbe Soh,0,0,0,0,0,0,0,0,0,0,0,0,0,0,0,42,DEF,0,16,Nott'm Forest,3,u,2022
Brennan,Johnson,8,5,122,2930,54,373.6,478.2,729,15,384,157.4,7,0,6,1.6,55,FWD,33,16,Nott'm Forest,3,a,2022
Alex,Mighten,0,0,1,7,0,0.3,0,0,0,1,0,0,0,0,0,49,MID,0,16,Nott'm Forest,3,u,2022
Braian,Ojeda Rodríguez,0,0,0,0,0,0,0,0,0,0,0,0,0,0,0,45,MID,0,16,Nott'm Forest,3,u,2022
Taiwo,Awoniyi,10,1,100,1395,29,129.6,375.8,378,16,320,87.8,5,0,2,1.2,56,FWD,17,16,Nott'm Forest,3,a,2022
Dean,Henderson,0,0,82,1620,31,0,474.4,0,12,367,47.5,6,0,2,5.2,46,GK,18,16,Nott'm Forest,3,i,2022
Giulian,Biancone,0,0,2,15,1,0,6.8,0,0,9,0.7,0,0,0,0,42,DEF,0,16,Nott'm Forest,3,i,2022
Willy,Boly,0,1,37,684,10,11.8,145,24,7,147,18.3,3,0,2,0.1,41,DEF,9,16,Nott'm Forest,3,a,2022
Morgan,Gibbs-White,5,12,145,3151,61,941.1,593.4,624,11,479,215.7,8,0,6,1.3,55,MID,36,16,Nott'm Forest,3,a,2022
Moussa,Niakhaté,0,0,25,1163,22,14.8,173.4,61,0,141,24.9,2,0,1,0,43,DEF,14,16,Nott'm Forest,3,a,2022
Omar,Richards,0,0,0,0,0,0,0,0,0,0,0,0,0,0,0,44,DEF,0,16,Nott'm Forest,3,i,2022
Wayne,Hennessey,0,0,8,271,5,0,62.2,0,0,46,6.3,0,0,0,1.4,39,GK,3,16,Nott'm Forest,3,a,2022
Harry,Toffolo,0,0,30,933,17,93.5,147,67,1,134,30.6,2,0,2,0.1,43,DEF,9,16,Nott'm Forest,3,a,2022
Lewis,O'Brien,1,0,22,578,14,56.4,107.8,47,0,88,21.1,1,0,2,0,47,MID,6,16,Nott'm Forest,3,u,2022
Jesse,Lingard,0,1,33,918,17,151.9,50.6,127,0,93,32.9,5,0,1,1.1,54,MID,12,16,Nott'm Forest,3,d,2022
Orel,Mangala,1,1,50,1543,24,61.6,191.4,75,0,190,32.8,5,0,3,0,49,MID,20,16,Nott'm Forest,3,a,2022
Oliver,Hammond,0,0,0,0,0,0,0,0,0,0,0,0,0,0,0,42,MID,0,16,Nott'm Forest,3,a,2022
Remo,Freuler,0,0,54,2157,47,174.7,272.2,54,0,267,50.3,6,0,4,0,49,MID,24,16,Nott'm Forest,3,a,2022
Cheikhou,Kouyaté,1,0,35,871,23,82.8,158.8,81,2,144,32.2,2,0,3,0.1,44,MID,10,16,Nott'm Forest,3,a,2022
Emmanuel,Dennis,2,2,39,709,17,96.8,166.4,286,3,113,54.6,1,0,3,0.1,56,FWD,6,16,Nott'm Forest,3,a,2022
Renan Augusto,Lodi dos Santos,0,2,56,2211,48,208.2,319,97,3,363,62.5,5,0,7,0.2,43,DEF,26,16,Nott'm Forest,3,a,2022
Loïc,Badé,0,0,0,0,0,0,0,0,0,0,0,0,0,0,0,45,DEF,0,16,Nott'm Forest,3,u,2022
Serge,Aurier,1,0,70,1943,31,164.1,431,112,8,336,70.9,6,0,2,0.3,43,DEF,22,16,Nott'm Forest,3,a,2022
Dale,Taylor,0,0,0,0,0,0,0,0,0,0,0,0,0,0,0,45,FWD,0,16,Nott'm Forest,3,u,2022
Jordan,Smith,0,0,0,0,0,0,0,0,0,0,0,0,0,0,0,40,GK,0,16,Nott'm Forest,3,u,2022
Gustavo Henrique,Furtado Scarpa,0,0,5,177,1,17.3,15,25,0,16,5.7,0,0,1,0,46,MID,2,16,Nott'm Forest,3,d,2022
Danilo,dos Santos de Oliveira,3,2,48,976,18,108.1,253.8,113,5,178,47.1,1,0,1,0.2,45,MID,12,16,Nott'm Forest,3,d,2022
Keylor,Navas,0,0,43,1530,32,0,387.6,0,5,273,38.7,2,0,2,0.8,45,GK,17,16,Nott'm Forest,3,i,2022
Felipe Augusto,de Almeida Monteiro,0,1,25,1417,32,79.5,379,130,3,233,59,1,0,4,0.1,45,DEF,15,16,Nott'm Forest,3,d,2022
André,Ayew,0,0,11,306,10,17.1,34,53,0,27,10.5,0,0,1,0,50,MID,1,16,Nott'm Forest,3,a,2022
George,Shelvey,0,0,0,0,0,0,0,0,0,0,0,0,0,0,0,40,GK,0,16,Nott'm Forest,3,a,2022
Ainsley,Maitland-Niles,0,1,38,1400,31,159.2,280.2,23,0,202,46,3,0,3,0,48,MID,13,17,Southampton,2,a,2022
Roméo,Lavia,1,1,57,2219,50,247.1,344.8,46,0,317,64.2,4,0,9,0.2,45,MID,26,17,Southampton,2,a,2022
Theo,Walcott,2,2,49,1123,30,159.1,164.6,199,1,140,52.1,2,0,1,0,48,MID,13,17,Southampton,2,a,2022
Alex,McCarthy,0,0,8,540,17,0,84.2,0,0,83,8.4,0,0,0,0.1,43,GK,6,17,Southampton,2,a,2022
Oriol,Romeu Vidal,0,0,2,74,4,3.8,6.2,2,0,9,1.2,0,0,0,0,48,MID,1,17,Southampton,2,u,2022
Nathan,Redmond,0,0,1,1,0,0,0,0,0,3,0,0,0,0,0,53,MID,0,17,Southampton,2,u,2022
Stuart,Armstrong,2,2,57,1391,34,282.8,234.2,267,2,221,78.6,1,0,6,0.1,47,MID,14,17,Southampton,2,a,2022
Mohamed,Elyounoussi,1,1,62,2162,45,297.2,285,388,0,218,96.8,2,0,4,0.1,51,MID,27,17,Southampton,2,a,2022
James,Ward-Prowse,9,4,142,3371,72,1162.9,880.4,319,18,747,236.3,4,0,6,4.9,61,MID,38,17,Southampton,2,a,2022
Adam,Armstrong,2,1,54,1321,24,148.8,142,275,3,161,55.6,1,0,2,0.7,53,FWD,14,17,Southampton,2,a,2022
Kyle,Walker-Peters,1,0,56,2650,58,277.9,403.4,198,2,335,87.9,3,0,4,0.6,44,DEF,30,17,Southampton,2,a,2022
Jan,Bednarek,0,0,32,1770,40,38.4,415,43,2,321,49.7,3,0,5,0.2,41,DEF,21,17,Southampton,2,a,2022
Che,Adams,5,5,94,1987,41,336.4,340.4,583,9,262,124.6,4,0,1,0.8,60,FWD,23,17,Southampton,2,i,2022
Nathan,Tella,0,0,0,0,0,0,0,0,0,0,0,0,0,0,0,50,MID,0,17,Southampton,2,u,2022
Lyanco,Silveira Neves Vojnovic,1,1,29,1173,26,52.8,281.6,114,0,209,45,0,0,4,0,44,DEF,11,17,Southampton,2,a,2022
Yan,Valery,0,0,0,45,2,0.9,4,0,0,1,0.5,0,0,0,0.3,40,DEF,1,17,Southampton,2,u,2022
Will,Smallbone,0,0,0,0,0,0,0,0,0,0,0,0,0,0,0,45,MID,0,17,Southampton,2,u,2022
Ibrahima,Diallo,0,0,19,813,19,66,85.4,28,0,95,17.7,0,0,4,0.4,41,MID,11,17,Southampton,2,a,2022
Romain,Perraud,2,2,71,1828,35,251.8,360.6,298,5,304,90.9,4,0,4,0.4,40,DEF,22,17,Southampton,2,i,2022
Moussa,Djenepo,0,2,27,702,14,123.2,141.8,70,0,117,33.7,0,0,1,0.1,49,MID,7,17,Southampton,2,a,2022
Tino,Livramento,0,0,2,26,0,0,5.8,0,0,13,0.6,0,0,0,0,44,DEF,0,17,Southampton,2,a,2022
Mohammed,Salisu,0,1,33,1971,41,109.7,537.4,167,2,305,81.5,1,0,5,0.1,42,DEF,21,17,Southampton,2,i,2022
Mateusz,Lis,0,0,0,0,0,0,0,0,0,0,0,0,0,0,0.1,40,GK,0,17,Southampton,2,u,2022
Gavin,Bazunu,0,0,84,2880,56,10,633,0,3,485,64.2,4,0,0,0.6,44,GK,32,17,Southampton,2,a,2022
Armel,Bella-Kotchap,0,2,49,1881,39,76.4,422.4,105,5,345,60.6,3,0,4,0.2,45,DEF,24,17,Southampton,2,i,2022
Willy,Caballero,0,0,0,0,0,0,0,0,0,0,0,0,0,0,0.9,38,GK,0,17,Southampton,2,a,2022
Joe,Ayodele-Aribo,2,0,46,1219,24,137.1,209.6,366,3,161,71.5,1,0,2,0.3,50,MID,13,17,Southampton,2,a,2022
Sékou,Mara,1,2,32,538,10,77.5,104.8,169,0,90,33.9,0,0,1,0.1,53,FWD,4,17,Southampton,2,a,2022
Juan,Larios López,0,0,4,150,2,7.8,27.6,4,0,28,3.9,0,0,0,0,40,DEF,2,17,Southampton,2,i,2022
Duje,Caleta-Car,1,0,28,942,15,16.2,262.4,69,2,182,34.9,1,0,2,0,44,DEF,9,17,Southampton,2,a,2022
Samuel,Edozie,0,0,23,554,9,110.3,89.2,133,0,82,33.2,1,0,0,0,46,MID,5,17,Southampton,2,i,2022
Lewis,Payne,0,0,0,0,0,0,0,0,0,0,0,0,0,0,0,45,MID,0,17,Southampton,2,u,2022
Ryan,Finnigan,0,0,0,0,0,0,0,0,0,0,0,0,0,0,0,45,MID,0,17,Southampton,2,u,2022
Jimmy,Morgan,0,0,0,0,0,0,0,0,0,0,0,0,0,0,0,45,FWD,0,17,Southampton,2,u,2022
Mislav,Orsic,0,0,1,6,0,0.3,2,0,0,4,0.2,0,0,0,0,51,MID,0,17,Southampton,2,a,2022
Carlos,Alcaraz,4,2,55,1024,25,64.4,199,190,4,155,45.1,0,0,3,0,50,MID,13,17,Southampton,2,a,2022
James,Bree,0,0,4,366,12,65.3,49.2,4,0,51,11.7,0,0,1,0,45,DEF,4,17,Southampton,2,a,2022
Kamaldeen,Sulemana,2,1,45,959,20,175.5,105.2,164,3,133,44.5,3,0,1,0,49,MID,10,17,Southampton,2,a,2022
Paul,Onuachu,0,0,14,401,7,52.8,30.2,126,0,23,20.6,1,0,0,0,53,FWD,4,17,Southampton,2,d,2022
Kamari,Doyle,0,0,1,6,0,0.3,0,0,0,1,0,0,0,0,0,45,MID,0,17,Southampton,2,a,2022
Dominic,Ballard,0,0,2,24,0,0.3,1,0,0,4,0.1,0,0,0,0,45,FWD,0,17,Southampton,2,a,2022
Samuel,Amo-Ameyaw,0,0,1,3,0,0,0,0,0,6,0,0,0,0,0,45,MID,0,17,Southampton,2,a,2022
Hugo,Lloris,0,0,89,2205,39,0,540,0,12,456,54,7,0,0,3.2,54,GK,25,18,Spurs,3,i,2022
Fraser,Forster,0,0,40,1215,24,0,256.8,0,1,222,25.8,3,0,1,4.4,39,GK,13,18,Spurs,3,a,2022
Harry,Kane,30,9,263,3406,62,744.8,1256.6,1707,48,1008,371,11,0,6,32.7,115,FWD,38,18,Spurs,3,a,2022
Son,Heung-min,10,6,152,2886,55,829.3,709.2,910,8,471,244.7,9,0,2,6.4,115,MID,33,18,Spurs,3,a,2022
Matt,Doherty,1,0,35,663,9,110.5,147,146,2,147,40.3,3,0,0,0.3,46,DEF,7,18,Spurs,3,u,2022
Eric,Dier,2,1,96,2816,52,112.3,653.2,235,5,569,100.1,9,0,3,4.8,50,DEF,31,18,Spurs,3,i,2022
Lucas,Rodrigues Moura da Silva,1,0,17,145,5,55.8,29,43,0,55,12.7,0,1,0,0.2,58,MID,0,18,Spurs,3,a,2022
Ben,Davies,2,3,99,2284,33,276.9,407.8,172,3,470,85.8,9,0,4,1,47,DEF,0,12,Spurs,3,u,2022
Ben,Davies,2,3,99,2284,33,276.9,407.8,172,3,470,85.8,9,0,4,1,47,DEF,0,18,Spurs,3,a,2022
Ben,Davies,2,3,99,2284,33,276.9,407.8,172,3,470,85.8,9,0,4,1,47,DEF,26,12,Spurs,3,u,2022
Ben,Davies,2,3,99,2284,33,276.9,407.8,172,3,470,85.8,9,0,4,1,47,DEF,26,18,Spurs,3,a,2022
Pierre-Emile,Højbjerg,4,5,120,3131,57,501.7,758,237,10,629,150,10,0,5,1.8,53,MID,35,18,Spurs,3,d,2022
Harry,Winks,0,0,0,0,0,0,0,0,0,0,0,0,0,0,0.5,44,MID,0,18,Spurs,3,u,2022
Davinson,Sánchez,0,0,28,848,17,29.9,180.6,52,1,166,26.3,2,0,1,0.5,42,DEF,8,18,Spurs,3,a,2022
Ryan,Sessegnon,2,1,35,805,15,103,148.6,290,0,121,54.3,1,0,4,0.5,44,DEF,9,18,Spurs,3,i,2022
Steven,Bergwijn,0,0,0,0,0,0,0,0,0,0,0,0,0,0,0,55,MID,0,18,Spurs,3,u,2022
Sergio,Reguilón,0,0,0,0,0,0,0,0,0,0,0,0,0,0,0.3,42,DEF,0,18,Spurs,3,u,2022
Japhet,Tanganga,0,0,4,145,5,6.2,27.6,0,0,32,3.3,0,0,0,2.5,38,DEF,2,18,Spurs,3,a,2022
Rodrigo,Bentancur,5,2,71,1501,24,180.2,489.6,236,7,342,90.7,6,0,8,0.3,53,MID,17,18,Spurs,3,i,2022
Oliver,Skipp,1,0,43,1489,28,146.1,198.2,52,1,199,39.8,4,0,7,0.1,43,MID,18,18,Spurs,3,a,2022
Joe,Rodon,0,0,0,0,0,0,0,0,0,0,0,0,0,0,0,40,DEF,0,18,Spurs,3,u,2022
Cristian,Romero,0,2,66,2363,41,136.2,546.2,91,3,447,77.3,8,1,9,1.4,49,DEF,26,18,Spurs,3,i,2022
Yves,Bissouma,0,0,27,998,20,135,111,23,0,176,26.8,1,0,6,0.2,47,MID,10,18,Spurs,3,a,2022
Emerson,Leite de Souza Junior,2,2,86,1729,27,178.9,376.2,230,9,402,78.7,7,1,2,1.8,48,DEF,20,18,Spurs,3,a,2022
Dejan,Kulusevski,2,7,96,2062,40,627.6,409.2,514,5,310,154.7,8,0,2,3.6,78,MID,23,18,Spurs,3,a,2022
Dane,Scarlett,0,0,0,0,0,0,0,0,0,0,0,0,0,0,0,45,FWD,0,18,Spurs,3,u,2022
Ivan,Perišić,1,8,94,2099,44,732.8,517.8,394,6,430,164.2,6,0,6,14.7,53,DEF,23,18,Spurs,3,a,2022
Harvey,White,0,0,1,4,0,7.3,2,0,0,4,0.9,0,0,0,0.3,44,MID,0,18,Spurs,3,u,2022
Pape Matar,Sarr,0,1,14,211,11,16,30.4,4,0,60,5,0,0,1,0.5,42,MID,2,18,Spurs,3,a,2022
Brandon,Austin,0,0,0,0,0,0,0,0,0,0,0,0,0,0,0.3,39,GK,0,18,Spurs,3,a,2022
Alfie,Devine,0,0,0,0,0,0,0,0,0,0,0,0,0,0,0.1,43,MID,0,18,Spurs,3,i,2022
Troy,Parrott,0,0,0,0,0,0,0,0,0,0,0,0,0,0,0,45,FWD,0,18,Spurs,3,u,2022
Richarlison,de Andrade,1,5,54,995,18,221,201.6,401,2,165,82,3,0,3,0.8,84,FWD,12,18,Spurs,3,a,2022
Clément,Lenglet,0,2,63,2018,35,136.1,380.8,130,6,387,64.7,5,0,4,0.3,48,DEF,24,18,Spurs,3,a,2022
Djed,Spence,0,0,4,5,0,1.3,0.2,20,0,10,2.2,0,0,0,0.2,41,DEF,0,18,Spurs,3,u,2022
Bryan,Gil Salvatierra,0,1,9,146,1,27.5,30.4,27,0,22,8.5,1,0,1,0,50,MID,2,18,Spurs,3,u,2022
Arnaut,Danjuma,1,0,15,162,5,25.1,53.2,71,0,43,14.8,0,0,0,0,61,MID,1,18,Spurs,3,a,2022
Pedro,Porro,3,3,59,1132,26,377.9,268.6,150,5,253,79.6,2,0,0,1.1,48,DEF,13,18,Spurs,3,a,2022
Romaine,Mundle,0,0,0,0,0,0,0,0,0,0,0,0,0,0,0,45,MID,0,18,Spurs,3,a,2022
George,Abbott,0,0,1,1,0,0,0,0,0,3,0,0,0,0,0,45,MID,0,18,Spurs,3,a,2022
Matthew,Craig,0,0,1,13,0,0,0,0,0,3,0,0,0,0,0,45,MID,0,18,Spurs,3,a,2022
Yago,de Santiago Alonso,0,0,0,0,0,0,0,0,0,0,0,0,0,0,0,45,MID,0,18,Spurs,3,a,2022
Danny,Ings,8,2,97,1579,26,186,398.4,604,13,317,118.6,5,0,4,1.4,63,FWD,15,19,West Ham,3,a,2022
Lukasz,Fabianski,0,0,127,3111,48,0,755.6,0,10,622,75.4,9,0,1,1.2,49,GK,36,19,West Ham,3,a,2022
Angelo,Ogbonna,0,0,44,1234,19,35.2,212.8,24,4,217,27.4,4,0,0,0.1,44,DEF,13,19,West Ham,3,a,2022
Aaron,Cresswell,0,1,74,2235,32,632.9,411.6,81,8,439,113,6,0,3,1.5,47,DEF,24,19,West Ham,3,a,2022
Michail,Antonio,5,3,84,1822,29,207.7,305.8,559,4,222,107,5,0,2,1.5,69,FWD,21,19,West Ham,3,a,2022
Manuel,Lanzini,1,0,17,243,5,21.9,50.6,37,1,63,10.8,0,0,0,0.1,50,MID,2,19,West Ham,3,a,2022
Kurt,Zouma,2,1,88,1988,29,18.7,415,239,8,385,67.4,7,0,0,1.4,44,DEF,24,19,West Ham,3,a,2022
Arthur,Masuaku,0,0,0,0,0,0,0,0,0,0,0,0,0,0,0,45,DEF,0,19,West Ham,3,u,2022
Vladimir,Coufal,0,2,58,2135,35,330.5,361.6,54,2,327,74.9,4,0,5,1,40,DEF,24,19,West Ham,3,a,2022
Saïd,Benrahma,6,3,106,2059,32,613.9,510,653,5,360,177.7,6,0,0,1.1,55,MID,22,19,West Ham,3,a,2022
Jarrod,Bowen,6,9,145,3232,50,674.8,625.8,1076,9,431,237.9,9,0,2,3.3,80,MID,36,19,West Ham,3,a,2022
Nikola,Vlasic,0,0,0,0,0,0,0,0,0,0,0,0,0,0,0,50,MID,0,19,West Ham,3,u,2022
Declan,Rice,4,3,116,3272,50,522.4,777.6,226,12,622,152.7,9,0,5,3.2,47,MID,36,19,West Ham,3,a,2022
Tomas,Soucek,2,4,100,2811,42,230.1,565.6,472,6,364,127.1,8,0,3,0.6,50,MID,32,19,West Ham,3,a,2022
Pablo,Fornals Malla,3,1,71,1493,28,281,226.6,182,6,282,68.7,1,0,0,0.3,49,MID,17,19,West Ham,3,a,2022
Ben,Johnson,0,0,29,860,13,76.8,161.6,20,1,164,25.9,2,0,0,0.1,44,DEF,9,19,West Ham,3,a,2022
Nayef,Aguerd,2,0,58,1594,28,67.5,404.4,113,5,320,58.5,5,0,4,0.4,48,DEF,17,19,West Ham,3,a,2022
Alphonse,Areola,0,0,7,307,7,0,69.4,0,0,42,6.8,0,0,0,0.9,43,GK,2,19,West Ham,3,a,2022
Flynn,Downes,0,0,27,752,14,28.9,55.8,51,0,104,13.4,1,0,2,0.3,42,MID,7,19,West Ham,3,a,2022
Gianluca,Scamacca,3,0,41,921,12,160.7,151.8,312,7,110,62,3,0,3,0.6,66,FWD,11,19,West Ham,3,i,2022
Emerson,Palmieri dos Santos,1,0,39,1317,28,188.8,224.8,178,2,209,59.4,2,0,2,1.3,40,DEF,16,19,West Ham,3,d,2022
Conor,Coventry,0,0,1,1,0,0,0,0,0,3,0,0,0,0,0.1,44,MID,0,19,West Ham,3,u,2022
Armstrong,Oko-Flex,0,0,0,0,0,0,0,0,0,0,0,0,0,0,0,44,MID,0,19,West Ham,3,u,2022
Maxwel,Cornet,0,0,14,232,5,28.7,27.2,62,0,22,11.3,0,0,0,0.1,59,MID,2,19,West Ham,3,a,2022
Thilo,Kehrer,0,3,67,2229,34,126.2,347.6,83,4,362,56,5,0,4,0.2,43,DEF,25,19,West Ham,3,a,2022
Lucas,Tolentino Coelho de Lima,4,5,98,2154,39,446.5,496.8,473,8,395,142,6,0,5,0.9,59,MID,27,19,West Ham,3,a,2022
Divin,Mubama,0,0,3,36,0,11.4,2.4,0,0,7,1.4,0,0,0,0.1,45,FWD,0,19,West Ham,3,a,2022
Joseph,Anang,0,0,0,0,0,0,0,0,0,0,0,0,0,0,0,40,GK,0,19,West Ham,3,a,2022
Krisztián,Hegyi,0,0,0,0,0,0,0,0,0,0,0,0,0,0,0,39,GK,0,19,West Ham,3,a,2022
Kaelan,Casey,0,0,0,0,0,0,0,0,0,0,0,0,0,0,0,40,DEF,0,19,West Ham,3,a,2022
Craig,Dawson,1,1,75,2134,31,37.2,455.6,145,7,390,64,7,0,6,0.8,48,DEF,25,20,Wolves,3,a,2022
Raúl,Jiménez,0,2,29,839,18,116,74.6,273,0,65,46.3,2,0,0,0.3,65,FWD,8,20,Wolves,3,a,2022
Jonathan,Castro Otto,1,0,45,1257,21,118.2,233.2,83,0,219,43.7,5,1,3,0.3,43,DEF,14,20,Wolves,3,a,2022
José,Malheiro de Sá,0,0,148,3240,55,0,845.6,0,18,683,84.7,11,0,2,5.1,50,GK,36,20,Wolves,3,a,2022
Rúben,da Silva Neves,6,2,118,3020,48,474.7,788.8,347,16,558,161,10,0,12,1.5,52,MID,33,20,Wolves,3,a,2022
Hwang,Hee-chan,3,2,60,1117,18,138.8,194,242,3,156,57.5,3,0,1,0.2,57,MID,12,20,Wolves,3,a,2022
Nélson,Cabral Semedo,0,1,75,2633,43,226.5,443.4,79,5,424,74.4,8,1,11,0.6,50,DEF,31,20,Wolves,3,a,2022
Daniel,Castelo Podence,6,1,92,1760,31,512.8,376,580,10,249,146.8,6,0,5,0.7,51,MID,20,20,Wolves,3,a,2022
Max,Kilman,0,1,109,3307,56,66.9,739.8,106,12,622,91.6,11,0,3,3.1,43,DEF,37,20,Wolves,3,a,2022
Luke,Cundle,0,0,0,0,0,0,0,0,0,0,0,0,0,0,0.2,44,MID,0,20,Wolves,3,u,2022
Pedro,Lomba Neto,0,2,37,962,15,309.5,96.8,203,0,124,60.9,5,0,1,1.6,49,MID,13,20,Wolves,3,a,2022
Rayan,Aït-Nouri,1,0,41,1067,18,130.5,195,156,0,194,48.3,4,0,4,0.7,41,DEF,9,20,Wolves,3,a,2022
Fabio,Silva,0,0,0,0,0,0,0,0,0,0,0,0,0,0,0,55,FWD,0,20,Wolves,3,u,2022
Toti António,Gomes,1,0,43,978,14,74.3,225.2,65,4,201,36.5,4,0,6,2.9,39,DEF,10,20,Wolves,3,a,2022
Francisco Jorge,Tomás Oliveira,0,0,0,0,0,0,0,0,0,0,0,0,0,0,0,50,MID,0,20,Wolves,3,i,2022
Adama,Traoré Diarra,2,4,66,1477,30,370,253.6,258,0,228,87.9,2,0,2,0.2,53,MID,12,20,Wolves,3,a,2022
Matija,Šarkić,0,0,0,0,0,0,0,0,0,0,0,0,0,0,1.4,39,GK,0,20,Wolves,3,u,2022
Yerson,Mosquera Valdelamar,0,0,0,0,0,0,0,0,0,0,0,0,0,0,0.8,39,DEF,0,20,Wolves,3,u,2022
João Filipe Iria,Santos Moutinho,0,2,56,1773,28,537.7,309.8,142,0,297,99.2,6,0,3,0.3,46,MID,20,20,Wolves,3,a,2022
Nathan,Collins,0,0,49,1811,37,37.9,419,29,6,326,48.9,4,1,2,0.5,42,DEF,19,20,Wolves,3,a,2022
Jackson,Smith,0,0,0,0,0,0,0,0,0,0,0,0,0,0,0.7,39,GK,0,20,Wolves,3,u,2022
Hugo,Bueno López,0,1,41,1307,29,254.8,221.2,74,3,239,55.3,3,0,1,3.6,38,DEF,16,20,Wolves,3,a,2022
Joseph,Hodge,0,0,5,172,5,16.2,14.4,26,0,17,5.7,0,0,1,0,43,MID,1,20,Wolves,3,a,2022
Connor,Ronan,0,0,1,1,0,0.4,0.6,0,0,3,0.1,0,0,0,0.1,44,MID,0,20,Wolves,3,u,2022
Chem,Campbell,0,0,5,68,2,3,5.6,16,0,9,2.4,0,0,0,0.3,44,MID,0,20,Wolves,3,u,2022
Gonçalo Manuel,Ganchinho Guedes,1,1,29,703,12,139.6,89.4,223,1,85,45.1,2,0,1,0.2,58,MID,8,20,Wolves,3,u,2022
Matheus Luiz,Nunes,1,1,80,2467,38,405,370.2,310,5,338,108.6,11,1,2,0.1,48,MID,30,20,Wolves,3,a,2022
Sasa,Kalajdzic,0,0,1,45,0,0,0,9,0,-1,0.7,0,0,0,0,53,FWD,1,20,Wolves,3,i,2022
Diego,Da Silva Costa,1,0,33,1235,17,144.3,96.8,504,3,40,73.3,6,1,5,0.3,53,FWD,16,20,Wolves,3,a,2022
Boubacar,Traoré,0,1,14,405,9,16.6,49.6,7,0,44,7.4,0,0,2,0.1,43,MID,4,20,Wolves,3,a,2022
Nathan,Fraser,0,0,0,0,0,0,0,0,0,0,0,0,0,0,0.1,45,FWD,0,20,Wolves,3,a,2022
Harvey,Griffiths,0,0,0,0,0,0,0,0,0,0,0,0,0,0,0,44,MID,0,20,Wolves,3,a,2022
Dexter,Lembikisa,0,0,1,22,1,0.8,1.4,0,0,3,0.2,0,0,0,0,40,DEF,0,20,Wolves,3,a,2022
Matheus,Santos Carneiro Da Cunha,2,0,39,961,12,95.1,143,217,6,122,45.1,5,0,1,0.1,53,FWD,12,20,Wolves,3,a,2022
Mario,Lemina,0,1,35,1297,28,65,200.4,36,0,196,30.1,5,1,2,0,45,MID,17,20,Wolves,3,a,2022
Pablo,Sarabia,1,0,27,764,9,184.7,92,157,3,57,43,3,0,3,0.1,49,MID,9,20,Wolves,3,a,2022
Daniel,Bentley,0,0,6,180,3,0,70.2,0,0,45,7,0,0,0,0,40,GK,2,20,Wolves,3,a,2022
João Victor,Gomes da Silva,1,0,21,649,18,72,133,46,2,84,24.9,2,0,5,0,45,MID,7,20,Wolves,3,a,2022
